title,description,actual_story_points,predicted_story_points,confidence,response_time,model_used,prompt_type,reasoning
Update close icon in Detail View to be a font icon,,1,1.0,0.8,0.8654899597167969,gpt-4o-mini,zero_shot,1
As a reviewer I want to have an account so that i can review an article,,4,5.0,0.8,0.5009908676147461,gpt-4o-mini,zero_shot,5
"Align project creation dialog to JIRA styleThere are some differences in our project creation dialog to the JIRA one.  * Remove ""Project"" from ""Name"" and ""Key"" field labels * Standardise on field descriptions for Name and Key (maximum length) ** Enforce maximum lengths on those fields  ","There are some differences in our project creation dialog to the JIRA one.  * Remove ""Project"" from ""Name"" and ""Key"" field labels * Standardise on field descriptions for Name and Key (maximum length) ** Enforce maximum lengths on those fields  ",1,3.0,0.8,0.4094252586364746,gpt-4o-mini,zero_shot,3
"Assign a story to future sprintAs Patrick I want to be able to assign a story to a future sprint so that it's query-able (via sprint id).  A/C:  1. I am able to create future sprints which I can assign issues to 2. I'm able to remove future sprints and the issues are removed from them 3. I'm able to move issues between future sprints and out of future sprints and the db is updated accordingly 4. The backlog shows all future sprints, regardless of whether they are empty or not  Notes:  - as part of this, the necessary DB work to enable future sprints needs to happen  (!) Dev Notes (!)  h4. Functionality that changes: - Send to Top (from JIRA) - Sprint dragging will not include filtered issues  Q: What happens if a sprint becomes orphaned aka all assigned boards are deleted? A: (x) Not Answered  Q: What if the sprint's owning board was deleted but it was visible on a second board? A: (x) Not Answered  Q: What if a non-visible orphaned sprint was included in the filter of a new board? Is it reassigned? A: (x) Not Answered  Q: What if there are multiple rank fields? A: (x) Not Answered  Q: Do sprints need their own rank field? If so, is it locked? What if it is deleted/modified in JIRA 5.1? A: (x) Not Answered  Q: What are the conditions for the migration task? A: (x) Not Answered  Q: What happens to sprints for which all issues have been deleted? A: (x) Not Answered  Q: What if an issue is assigned to more than 1 future sprint via different boards? A: (x) Not Answered","As Patrick I want to be able to assign a story to a future sprint so that it's query-able (via sprint id).  A/C:  1. I am able to create future sprints which I can assign issues to 2. I'm able to remove future sprints and the issues are removed from them 3. I'm able to move issues between future sprints and out of future sprints and the db is updated accordingly 4. The backlog shows all future sprints, regardless of whether they are empty or not  Notes:  - as part of this, the necessary DB work to enable future sprints needs to happen  (!) Dev Notes (!)  h4. Functionality that changes: - Send to Top (from JIRA) - Sprint dragging will not include filtered issues  Q: What happens if a sprint becomes orphaned aka all assigned boards are deleted? A: (x) Not Answered  Q: What if the sprint's owning board was deleted but it was visible on a second board? A: (x) Not Answered  Q: What if a non-visible orphaned sprint was included in the filter of a new board? Is it reassigned? A: (x) Not Answered  Q: What if there are multiple rank fields? A: (x) Not Answered  Q: Do sprints need their own rank field? If so, is it locked? What if it is deleted/modified in JIRA 5.1? A: (x) Not Answered  Q: What are the conditions for the migration task? A: (x) Not Answered  Q: What happens to sprints for which all issues have been deleted? A: (x) Not Answered  Q: What if an issue is assigned to more than 1 future sprint via different boards? A: (x) Not Answered",13,8.0,0.8,0.5105741024017334,gpt-4o-mini,zero_shot,8
"As Patrick, I want to be able to delete a version- allow for a version to be deleted - warn if other issues are assigned to it already - what permissions do we need for that action (TODO: team input here) ",- allow for a version to be deleted - warn if other issues are assigned to it already - what permissions do we need for that action (TODO: team input here) ,3,5.0,0.8,0.8360040187835693,gpt-4o-mini,zero_shot,5
As an Admin I want to be able to assign roles,,4,5.0,0.8,0.49562501907348633,gpt-4o-mini,zero_shot,5
"As an administrator, I would like to be able to turn on/off the Release Planning feature as a Labs Feature* Surfaced in the GH Labs Configuration tab * Controls the visibility of any Release Planning feature/story ",* Surfaced in the GH Labs Configuration tab * Controls the visibility of any Release Planning feature/story ,1,5.0,0.8,0.6106863021850586,gpt-4o-mini,zero_shot,5
"As Patrick, I want to understand the progress towards a version with a single report- the chart needs to show the complete history of a version (incl scope changes) - it's a burnup chart showing total estimate vs complete estimate, total vs unestimated stories - also display count of unestimated stories - start date is defined as the day when first story from that version was added to the version (to use startDate once we have it) - also display the list of stories split into complete, incomplete, incomplete unestimated (we may want to consider adding full history later on); - each story on the list should display the epic it belongs to  (!) Development Notes (!)  Q: How does the chart look if it has been archived then unarchived again? A: the same  Q: What if an issue is a part of multiple versions? Are there any implications for which version it is displayed in/ permission issues if this issue is in another project our user has no permissions to see? A: it's displayed in all of them if the user has permissions to see it  Q: What if epics are in a version, how are they counted and displayed? A: They are added to the issue count and will show up in the table.  Q: What happens to the chart when the first issue added to the version is deleted/moved/converted? A: it should show issue removed","- the chart needs to show the complete history of a version (incl scope changes) - it's a burnup chart showing total estimate vs complete estimate, total vs unestimated stories - also display count of unestimated stories - start date is defined as the day when first story from that version was added to the version (to use startDate once we have it) - also display the list of stories split into complete, incomplete, incomplete unestimated (we may want to consider adding full history later on); - each story on the list should display the epic it belongs to  (!) Development Notes (!)  Q: How does the chart look if it has been archived then unarchived again? A: the same  Q: What if an issue is a part of multiple versions? Are there any implications for which version it is displayed in/ permission issues if this issue is in another project our user has no permissions to see? A: it's displayed in all of them if the user has permissions to see it  Q: What if epics are in a version, how are they counted and displayed? A: They are added to the issue count and will show up in the table.  Q: What happens to the chart when the first issue added to the version is deleted/moved/converted? A: it should show issue removed",5,8.0,0.8,0.5118660926818848,gpt-4o-mini,zero_shot,8
As an Admin I want to create MediaManager accounts,,4,5.0,0.8,0.6110658645629883,gpt-4o-mini,zero_shot,5
"Enable GH on OD instances from the Create Project dialogCOS  The user will go through these steps: # Click to create a project # Select Scrum / Kanban # If GreenHopper is NOT installed, display an installation message tailored to the type of instance (BTF/OD) # For OnDemand, click a link to go to MAC and get the license # Once license is purchased, go to welcome page for GH with create project dialog open and scrum/kanban selected  # If user cancels, return to previous page (can create project dialog be open?) # Add analytics events for every step as much as possible  This should use the existing API as provided by the Internal Systems team (meaning we need to open a new page with MAC and they'll need to log in).  # Copy to be provided. Note to self: make sure to include a warning that you need to be the account owner to enable it. Also that the trial only works if you haven't installed GH before (otherwise you'll be charged). Copy: https://extranet.atlassian.com/display/GHDEV/GHS-7876+OD+Create+Project+Sequence   (!) Development Notes (!)  Q: What if MAC is inaccessible? A: (x) Not Answered - I guess the user will get a 404 when they click the link.   Q: What if a GH jar is present but not enabled? A: (x) Not Answered - if GH is not licensed, the message will display.   ","COS  The user will go through these steps: # Click to create a project # Select Scrum / Kanban # If GreenHopper is NOT installed, display an installation message tailored to the type of instance (BTF/OD) # For OnDemand, click a link to go to MAC and get the license # Once license is purchased, go to welcome page for GH with create project dialog open and scrum/kanban selected  # If user cancels, return to previous page (can create project dialog be open?) # Add analytics events for every step as much as possible  This should use the existing API as provided by the Internal Systems team (meaning we need to open a new page with MAC and they'll need to log in).  # Copy to be provided. Note to self: make sure to include a warning that you need to be the account owner to enable it. Also that the trial only works if you haven't installed GH before (otherwise you'll be charged). Copy: https://extranet.atlassian.com/display/GHDEV/GHS-7876+OD+Create+Project+Sequence   (!) Development Notes (!)  Q: What if MAC is inaccessible? A: (x) Not Answered - I guess the user will get a 404 when they click the link.   Q: What if a GH jar is present but not enabled? A: (x) Not Answered - if GH is not licensed, the message will display.   ",3,8.0,0.8,0.5122690200805664,gpt-4o-mini,zero_shot,8
"Adjust the shading for epic & version report# Use the same shades as Jay indicated in ""Sexy charts"" doc: https://extranet.atlassian.com/display/GHDEV/GHS-7825+Sexy+Chart  # don't display the lines on the edge of the projection","# Use the same shades as Jay indicated in ""Sexy charts"" doc: https://extranet.atlassian.com/display/GHDEV/GHS-7825+Sexy+Chart  # don't display the lines on the edge of the projection",2,3.0,0.8,0.445904016494751,gpt-4o-mini,zero_shot,3
"As Patrick, I want to see the version assigned to an issue in the list view so I can quickly identify which issues belong to which versions* Estimate column spacing still honoured * If there is no epic associated, version lozenge will be right-justified next to estimate * All version lozenges use the same colour, which is not a colour available to epics * Truncation assessed by the width (similar to epic lozenges) * What happens when an issue is associated with multiple fix versions through JIRA? ** Show somehow that there's more than one version on the lozenge ** The primary version is the first unreleased version in the sequence * Released versions are displayed * Archived versions are not  (!) Development Notes (!)  Q: What if the version name is very long? A: it's truncated (via CSS - martin to review)  Q: Shouldn't the primary version in a multi-version be the soonest version, rather than the alphabetical one? A: (x) it's currently ordered alphabetically, please talk to Tokes / Tom if you think it should be different  Q: How does this play with the epics / DV being open / closed? A: not affected  Q: How do you remove an issue from a single version if it has multiple? A: you can't remove a fix version at all  Q: What if one of the versions is / has been released? A: it still shows up  Q: What if the version is ""Archived"" in JIRA? A: (x) Not Answered","* Estimate column spacing still honoured * If there is no epic associated, version lozenge will be right-justified next to estimate * All version lozenges use the same colour, which is not a colour available to epics * Truncation assessed by the width (similar to epic lozenges) * What happens when an issue is associated with multiple fix versions through JIRA? ** Show somehow that there's more than one version on the lozenge ** The primary version is the first unreleased version in the sequence * Released versions are displayed * Archived versions are not  (!) Development Notes (!)  Q: What if the version name is very long? A: it's truncated (via CSS - martin to review)  Q: Shouldn't the primary version in a multi-version be the soonest version, rather than the alphabetical one? A: (x) it's currently ordered alphabetically, please talk to Tokes / Tom if you think it should be different  Q: How does this play with the epics / DV being open / closed? A: not affected  Q: How do you remove an issue from a single version if it has multiple? A: you can't remove a fix version at all  Q: What if one of the versions is / has been released? A: it still shows up  Q: What if the version is ""Archived"" in JIRA? A: (x) Not Answered",2,5.0,0.8,1.6038179397583008,gpt-4o-mini,zero_shot,5
GH updates for JIRA 6.0 ADG changes (mainly Admin nav?) plus GadgetsSee https://extranet.atlassian.com/display/TECHWRITING/ADG+Changes+for+JIRA+6.0  Main functionality changes: * admin nav?  GH docs to be updated: * *TO DO* https://confluence.atlassian.com/display/GH/GreenHopper+Administrator%27s+Guide *(CHILDREN)* * *TO DO*  https://confluence.atlassian.com/display/GH/GreenHopper+Installation+and+Upgrade+Guide * *TO DO (WILL INHERIT MINOR PAGE CHANGES IN JIRA 6.0)* Gadgets - screenshots,See https://extranet.atlassian.com/display/TECHWRITING/ADG+Changes+for+JIRA+6.0  Main functionality changes: * admin nav?  GH docs to be updated: * *TO DO* https://confluence.atlassian.com/display/GH/GreenHopper+Administrator%27s+Guide *(CHILDREN)* * *TO DO*  https://confluence.atlassian.com/display/GH/GreenHopper+Installation+and+Upgrade+Guide * *TO DO (WILL INHERIT MINOR PAGE CHANGES IN JIRA 6.0)* Gadgets - screenshots,2,5.0,0.8,0.9999017715454102,gpt-4o-mini,zero_shot,5
"As Patrick, I want to adjust release report projections to simulate and better understand what can be achieved within a version- allow the percentage calculation to be adjusted (default to 10%) ",- allow the percentage calculation to be adjusted (default to 10%) ,13,5.0,0.8,0.5359468460083008,gpt-4o-mini,zero_shot,5
"Use the startDate in version report calculations# include the startDate for calculations in Version Report - both in the description on the top as well as on the timeline (i.e. timeline starts on the startDate)  # versions without startDate use the previous calculations  # if some stories were completed before the startDate, the ""completed"" line is adjusted at start, but are not included in the trendline calculations, nor do we display time before startDate.     Notes:  - we might not be happy with the result and it may end up with the code staying on a branch + extra stories being created to improve it","# include the startDate for calculations in Version Report - both in the description on the top as well as on the timeline (i.e. timeline starts on the startDate)  # versions without startDate use the previous calculations  # if some stories were completed before the startDate, the ""completed"" line is adjusted at start, but are not included in the trendline calculations, nor do we display time before startDate.     Notes:  - we might not be happy with the result and it may end up with the code staying on a branch + extra stories being created to improve it",2,8.0,0.8,0.5093529224395752,gpt-4o-mini,zero_shot,8
"Bring context menu to work mode- allow for multiple select (with current limitations)  actions:  - bulk change - open in issue nav - remove from sprint (& show the same warning as elsewhere)  (!) Development Notes (!)  (x) Check Interoperability with other actions on the board (while menu open, try ranking, transition, cog menu, etc)  (x) Check permissions to remove from spint, bulkchange (non-admin, user without delete permission, etc)  (x) Check right-click does not trigger where it shouldn't (issue in done then open detail view)  (x) Scrolling - should disappear when context changes  (x) Stale state - what if an issue was already removed from sprint? (need 2 users)  (x) Check with various board configurations (swimlanes, kanban with releasing)","- allow for multiple select (with current limitations)  actions:  - bulk change - open in issue nav - remove from sprint (& show the same warning as elsewhere)  (!) Development Notes (!)  (x) Check Interoperability with other actions on the board (while menu open, try ranking, transition, cog menu, etc)  (x) Check permissions to remove from spint, bulkchange (non-admin, user without delete permission, etc)  (x) Check right-click does not trigger where it shouldn't (issue in done then open detail view)  (x) Scrolling - should disappear when context changes  (x) Stale state - what if an issue was already removed from sprint? (need 2 users)  (x) Check with various board configurations (swimlanes, kanban with releasing)",3,8.0,0.8,0.37949419021606445,gpt-4o-mini,zero_shot,8
"As Patrick, I want to be able to see more details about the version when looking at the Versions Panel- this refers to the version panel - the behaviour should mimic the epic panel, including the twixies - information needed: description, start date, release date as well as count of total, completed and unestimated stories, total estimate units, small progress bar (startDate is not part of the progress calculation) - for empty data (release date, start date) reuse the same approach as we use on the detail view  ","- this refers to the version panel - the behaviour should mimic the epic panel, including the twixies - information needed: description, start date, release date as well as count of total, completed and unestimated stories, total estimate units, small progress bar (startDate is not part of the progress calculation) - for empty data (release date, start date) reuse the same approach as we use on the detail view  ",5,5.0,0.8,0.4315667152404785,gpt-4o-mini,zero_shot,5
"As a user, I would like for the Release Planning labs feature to be promoted on the Getting Started pageFor administrators: this includes a button to enable the feature For non-admins: if not enabled, show a message saying it is available and they have to ask an administrator to enable it.  Once enabled: show users a Feedback button. Admins also see a link to disable the feature.  Jay to provide new icon.","For administrators: this includes a button to enable the feature For non-admins: if not enabled, show a message saying it is available and they have to ask an administrator to enable it.  Once enabled: show users a Feedback button. Admins also see a link to disable the feature.  Jay to provide new icon.",1,8.0,0.8,0.655951976776123,gpt-4o-mini,zero_shot,8
"In order to be able to select report options easily, I want a better control to useWhen opening a dropdown menu with a large amount of options, the menu doesn't force the page to scroll.  CoS:  # Four reports are affected: Version Report, Sprint Report, Sprint Burndown, Epic Report # Control uses auto-complete, single select style # No grouping of select options  (!) Dev Notes (!) Q: Is the frother case-insensitive? A: yes  Q: Does it search on spaces or any single char? A: Spaces no. Any character yes.   Q: What happens when an invalid string is typed in? Can we do other actions? A: No Matches message, if you try to submit an invalid value it should revert to the previous selection  Q: What happens when you search on closed/archived sprints/versions? A: same options show up as we had previously  Q: Can you search as an anonymous user? A: same options show up as we had previously  Q: Is the input XSS-safe? A: yes   Q: How long can the input be? A: no limit, if it doesn't match then we revert to the selection  Q: Are there tests to update? A: Epic and Version Report qunit tests are updated to reflect the changes","When opening a dropdown menu with a large amount of options, the menu doesn't force the page to scroll.  CoS:  # Four reports are affected: Version Report, Sprint Report, Sprint Burndown, Epic Report # Control uses auto-complete, single select style # No grouping of select options  (!) Dev Notes (!) Q: Is the frother case-insensitive? A: yes  Q: Does it search on spaces or any single char? A: Spaces no. Any character yes.   Q: What happens when an invalid string is typed in? Can we do other actions? A: No Matches message, if you try to submit an invalid value it should revert to the previous selection  Q: What happens when you search on closed/archived sprints/versions? A: same options show up as we had previously  Q: Can you search as an anonymous user? A: same options show up as we had previously  Q: Is the input XSS-safe? A: yes   Q: How long can the input be? A: no limit, if it doesn't match then we revert to the selection  Q: Are there tests to update? A: Epic and Version Report qunit tests are updated to reflect the changes",3,8.0,0.8,0.47838425636291504,gpt-4o-mini,zero_shot,8
"As Patrick, I want to assign issues to a version- permissions  - only one version can be associated with an issue (using this feature): fixVersion is replaced  - can assign multiple issues to a single version easily  - what happens when multiple issues from multiple projects are dragged?  -- don't allow drop on version panel  -- possibly explore additional message or change cursor  - what happens when an issue from PROJA is dropped onto PROJB?  -- don't allow drop on version panel  -- show message  - able to drag issues from active sprints or future sprints or backlog  -- refer to comments below re: dialog when destructively updating    Note:  * IE8 experience may not be as good due to bad drag and drop performance  * consider messaging for invalid drop targets    (!) Development Notes (!)    Q: What if the version list is stale and a version doesn't exist anymore/was archived?  A: (/) We show a ""Issue doesn't exist"" message and we reload the issues list    Q: What if an issue was converted to a subtask or epic?  A: (/) We attach it anyway    Q: What if the issue is already part of a sprint?  A: (/) We allow it    Q: Need to make sure the issue is not reranked if drop on version fails.  A: (/) We always cancel ranking after drop on versions even if it fails    Q: What if a group of issues is dropped but one or more fail to be added? What happens to the rest and how do we notify the user?  A: (/) We don't update anything and we show a message saying that the user doesn't have the permission to update the issue(s)    Q: Are the dropzones properly hidden when the version tab is hidden?  A: (/) yes    Q: Does drag and drop work well if quick and/or instant filters are on?  A: (/) yes, no direct influence","- permissions  - only one version can be associated with an issue (using this feature): fixVersion is replaced  - can assign multiple issues to a single version easily  - what happens when multiple issues from multiple projects are dragged?  -- don't allow drop on version panel  -- possibly explore additional message or change cursor  - what happens when an issue from PROJA is dropped onto PROJB?  -- don't allow drop on version panel  -- show message  - able to drag issues from active sprints or future sprints or backlog  -- refer to comments below re: dialog when destructively updating    Note:  * IE8 experience may not be as good due to bad drag and drop performance  * consider messaging for invalid drop targets    (!) Development Notes (!)    Q: What if the version list is stale and a version doesn't exist anymore/was archived?  A: (/) We show a ""Issue doesn't exist"" message and we reload the issues list    Q: What if an issue was converted to a subtask or epic?  A: (/) We attach it anyway    Q: What if the issue is already part of a sprint?  A: (/) We allow it    Q: Need to make sure the issue is not reranked if drop on version fails.  A: (/) We always cancel ranking after drop on versions even if it fails    Q: What if a group of issues is dropped but one or more fail to be added? What happens to the rest and how do we notify the user?  A: (/) We don't update anything and we show a message saying that the user doesn't have the permission to update the issue(s)    Q: Are the dropzones properly hidden when the version tab is hidden?  A: (/) yes    Q: Does drag and drop work well if quick and/or instant filters are on?  A: (/) yes, no direct influence",3,8.0,0.8,0.41556715965270996,gpt-4o-mini,zero_shot,8
"As Patrick, I want to be able to edit details of a versionhttps://extranet.atlassian.com/display/GHDEV/GHS-7163+Versions+Inline+Edit",https://extranet.atlassian.com/display/GHDEV/GHS-7163+Versions+Inline+Edit,5,5.0,0.8,0.3987851142883301,gpt-4o-mini,zero_shot,5
As an Admin I want to create Reviewer accounts,,4,5.0,0.8,0.4889402389526367,gpt-4o-mini,zero_shot,5
"As Patrick, I want to be able to create a new version# Dialog is shown  # fields we need to populate: Project, Name, Description, Release Date  # Single Select (with autocomplete aka Frother) Control for project selection  # Description field - text field  # Apply sensible length limits to these input fields (check what limits JIRA has in place if any or just enforce a limit of 255 chars on the front end)  # create version affordance is only displayed if the user has project admin permissions to at least one project (it is the same as can manage sprint logic)  # Analytics to track usage of dialog  #* Also capture length of version names    (!) Development Notes (!)    Q: XSS safe?  A: (/) yes    Q: What if the version name already exists?  A: (/) We show an error message","# Dialog is shown  # fields we need to populate: Project, Name, Description, Release Date  # Single Select (with autocomplete aka Frother) Control for project selection  # Description field - text field  # Apply sensible length limits to these input fields (check what limits JIRA has in place if any or just enforce a limit of 255 chars on the front end)  # create version affordance is only displayed if the user has project admin permissions to at least one project (it is the same as can manage sprint logic)  # Analytics to track usage of dialog  #* Also capture length of version names    (!) Development Notes (!)    Q: XSS safe?  A: (/) yes    Q: What if the version name already exists?  A: (/) We show an error message",3,8.0,0.8,3.356721878051758,gpt-4o-mini,zero_shot,8
"Allow to set resolution in Simplified WorkflowAs Patrick, I want to be able to specify which statuses transitions to which trigger the resolution field to be set to done so that my issues have any resolution at all.    Solution    1. Allow for a tickbox per status, which makes the global transition to that status set the resolution to ""Done"".  2. Unmapped statuses will also display this information (not necessarily the option to change it)  3. During the conversion to simplified workflow, the user will be presented with the default choice of statuses from the ""Done"" column selected for the resolution but should be able to override it before finishing the conversion.    Note that this will help people who are migrating as well as ones who have already migrated to simplified workflow.    (!) Dev Notes (!)  Q: Is this changed in GreenHopper Configuration?  A: (/) Its board specific so its in board configuration.    Q: How do we display the valid options as a part of the simplify dialog?  A: (/) With a multi select combo box    Q: How many statuses can you tick?  A: (/) No Limit    Q: What happens if the user moves a status to another column?  A: (/) The column is moved, the tick is not changed    Q: What if the user deletes a column that has a ticked box?  A: (/) Just move all statuses to unmapped column    Q: What if a status is dragged to unmapped?  A: (/) Should be disabled but visible","As Patrick, I want to be able to specify which statuses transitions to which trigger the resolution field to be set to done so that my issues have any resolution at all.    Solution    1. Allow for a tickbox per status, which makes the global transition to that status set the resolution to ""Done"".  2. Unmapped statuses will also display this information (not necessarily the option to change it)  3. During the conversion to simplified workflow, the user will be presented with the default choice of statuses from the ""Done"" column selected for the resolution but should be able to override it before finishing the conversion.    Note that this will help people who are migrating as well as ones who have already migrated to simplified workflow.    (!) Dev Notes (!)  Q: Is this changed in GreenHopper Configuration?  A: (/) Its board specific so its in board configuration.    Q: How do we display the valid options as a part of the simplify dialog?  A: (/) With a multi select combo box    Q: How many statuses can you tick?  A: (/) No Limit    Q: What happens if the user moves a status to another column?  A: (/) The column is moved, the tick is not changed    Q: What if the user deletes a column that has a ticked box?  A: (/) Just move all statuses to unmapped column    Q: What if a status is dragged to unmapped?  A: (/) Should be disabled but visible",8,8.0,0.8,0.38525986671447754,gpt-4o-mini,zero_shot,8
"Update the open/close epic/versions panel(s)COS:  Went through some variations on design before Martin suggested a 2-story-point fix for the story that is a slight deviation from the current design, but that  a) pulls in hover-X to close version or epic panel b) when a panel is open, there is no left-side sideways text ","COS:  Went through some variations on design before Martin suggested a 2-story-point fix for the story that is a slight deviation from the current design, but that  a) pulls in hover-X to close version or epic panel b) when a panel is open, there is no left-side sideways text ",5,2.0,0.8,0.481579065322876,gpt-4o-mini,zero_shot,2
"Store startDate for fixVersionAs Patrick, I want to be able to specify a startDate for my fixVersion when creating it so that my charts can be displayed in a reasonable way.  # allow to specify startDate when creating a version within GH # store as date with UTC timezone","As Patrick, I want to be able to specify a startDate for my fixVersion when creating it so that my charts can be displayed in a reasonable way.  # allow to specify startDate when creating a version within GH # store as date with UTC timezone",2,5.0,0.8,0.4055297374725342,gpt-4o-mini,zero_shot,5
"Change visual treatment on issue count in swimlane header to not use AUI badgeSee attached screenshot. Should be 12px ""Small text"" from ADG:  https://developer.atlassian.com/design/typography.html  edit: currently there is no filtering treatment","See attached screenshot. Should be 12px ""Small text"" from ADG:  https://developer.atlassian.com/design/typography.html  edit: currently there is no filtering treatment",1,3.0,0.8,0.5643341541290283,gpt-4o-mini,zero_shot,3
As a writer I want to create multiple articles so that they can be published,,3,5.0,0.8,0.46193385124206543,gpt-4o-mini,zero_shot,5
"Quick filters should collapse into a ""... Show more"" reveal pattern when they will wrap to more than one lineWe should use a pattern similar to the Reveal text pattern from the ADG.    * When there are more Quick Filters than there is horizontal screen space (eg. the screen is not wide enough, and they will wrap), we hide the remaining ones and display a ""... Show more"" link as the last Quick Filter.  * Clicking ""... Show more"" will reveal the rest of the Quick Filters  * ""... Show more"" will now change to say ""Show less"" instead  * The default state for all users is the collapsed state  * Whether the Filters are collapsed or all shown is persistent on a user level  * Reordering the Quick Filters stays the same as it is today  * When the header is collapsed (z on the keyboard), the behaviour stays the same.    ","We should use a pattern similar to the Reveal text pattern from the ADG.    * When there are more Quick Filters than there is horizontal screen space (eg. the screen is not wide enough, and they will wrap), we hide the remaining ones and display a ""... Show more"" link as the last Quick Filter.  * Clicking ""... Show more"" will reveal the rest of the Quick Filters  * ""... Show more"" will now change to say ""Show less"" instead  * The default state for all users is the collapsed state  * Whether the Filters are collapsed or all shown is persistent on a user level  * Reordering the Quick Filters stays the same as it is today  * When the header is collapsed (z on the keyboard), the behaviour stays the same.    ",3,5.0,0.8,0.5228590965270996,gpt-4o-mini,zero_shot,5
GH further ADG updates* *DONE* https://confluence.atlassian.com/display/GH/Configuring+a+Board *PLUS CHILDREN* * *DONE* https://confluence.atlassian.com/display/GH/Creating+a+Board * *POSTPONE UNTIL JIRA 6.0* https://confluence.atlassian.com/display/GH/GreenHopper+Administrator%27s+Guide *(CHILDREN)* * *POSTPONE UNTIL JIRA 6.0*  https://confluence.atlassian.com/display/GH/GreenHopper+Installation+and+Upgrade+Guide,* *DONE* https://confluence.atlassian.com/display/GH/Configuring+a+Board *PLUS CHILDREN* * *DONE* https://confluence.atlassian.com/display/GH/Creating+a+Board * *POSTPONE UNTIL JIRA 6.0* https://confluence.atlassian.com/display/GH/GreenHopper+Administrator%27s+Guide *(CHILDREN)* * *POSTPONE UNTIL JIRA 6.0*  https://confluence.atlassian.com/display/GH/GreenHopper+Installation+and+Upgrade+Guide,2,5.0,0.8,0.5011818408966064,gpt-4o-mini,zero_shot,5
"Edit startDate of a fixVersion in JIRAAs Patrick, I want to be able to edit startDate for a fixVersion in JIRA so that the experience between GH and JIRA is consistent and not confusing.    h4. Approach for JIRA 6.0    JIRA code base:  * Modify JIRA's {{version}} table to include a start date column  * Make the above schema change on JIRA 5.2.x branch so that downgrades continue to work.  * Augment the RESTful table in JIRA's Project Admin page for Versions to show this start date and allow editing of it  * Augment the REST representation of versions to include start date  * Add the start date field to the JIRA API for a Version object    GH code base:  * Make GH aware of the capability of storing start date in either JIRA or GH, depending on the JIRA version.  * Migrate data stored in GH for start date to JIRA storage if available.    (!) Development Notes (!)    Q: How will adding a startDate to a previously released version affect the issues that apply to it?  A: (/) If a previously released version has a release date, the new start date will be validated against the release date.    Q: How will adding a startDate affect issues that have been Archived?  A: (/) Changes to version data do not affect issues.    Q: Which timezone setting will the startDate follow, user's or system's?  A: (/) Start date and release date are both stored in the JVM system time zone.    Q: Can you remove the startDate after adding it?  A: (/) Yes.    Q: What is one way to get the startDate to come after the releaseDate?  A: (/) Not possible.    Q: What happens when you add a startDate to a version that has been released but has no releaseDate?  A: (/) Start date can be added without release date.    Q: Is there a special place in the database this column/row will go? Depending on the database used, is there a way for this location to be already taken, and/or do we recycle a location/field ID? We need to protect against overwrites.  A: (/) The field {{startdate}} did not exist in the table {{projectversion}} before now.    Q: How is the data synchronised between GH AO tables and JIRA?  A: (/) When the Version meta data is asked for in GH, it will check to see if it exists in JIRA as well. If so, it will be migrated over.","As Patrick, I want to be able to edit startDate for a fixVersion in JIRA so that the experience between GH and JIRA is consistent and not confusing.    h4. Approach for JIRA 6.0    JIRA code base:  * Modify JIRA's {{version}} table to include a start date column  * Make the above schema change on JIRA 5.2.x branch so that downgrades continue to work.  * Augment the RESTful table in JIRA's Project Admin page for Versions to show this start date and allow editing of it  * Augment the REST representation of versions to include start date  * Add the start date field to the JIRA API for a Version object    GH code base:  * Make GH aware of the capability of storing start date in either JIRA or GH, depending on the JIRA version.  * Migrate data stored in GH for start date to JIRA storage if available.    (!) Development Notes (!)    Q: How will adding a startDate to a previously released version affect the issues that apply to it?  A: (/) If a previously released version has a release date, the new start date will be validated against the release date.    Q: How will adding a startDate affect issues that have been Archived?  A: (/) Changes to version data do not affect issues.    Q: Which timezone setting will the startDate follow, user's or system's?  A: (/) Start date and release date are both stored in the JVM system time zone.    Q: Can you remove the startDate after adding it?  A: (/) Yes.    Q: What is one way to get the startDate to come after the releaseDate?  A: (/) Not possible.    Q: What happens when you add a startDate to a version that has been released but has no releaseDate?  A: (/) Start date can be added without release date.    Q: Is there a special place in the database this column/row will go? Depending on the database used, is there a way for this location to be already taken, and/or do we recycle a location/field ID? We need to protect against overwrites.  A: (/) The field {{startdate}} did not exist in the table {{projectversion}} before now.    Q: How is the data synchronised between GH AO tables and JIRA?  A: (/) When the Version meta data is asked for in GH, it will check to see if it exists in JIRA as well. If so, it will be migrated over.",8,8.0,0.8,0.40636277198791504,gpt-4o-mini,zero_shot,8
Write soke tests to measure UI performance on the plan modeScenarios to cover:  - rerank within the backlog - add to an active sprint - add to an epic - add to a version - render the context menu (both for an issue that's already selected as well as one that's deselected),Scenarios to cover:  - rerank within the backlog - add to an active sprint - add to an epic - add to a version - render the context menu (both for an issue that's already selected as well as one that's deselected),2,8.0,0.8,0.5127222537994385,gpt-4o-mini,zero_shot,8
As an Admin I want to create Writer accounts,,4,5.0,0.8,0.4095280170440674,gpt-4o-mini,zero_shot,5
"Add Atlassian Analytics events to GHAll of the values below will need to be grouped by instance:    - how many instances are actually activated (measurement: for every instance with GH enabled, make sure we store first visit to an instance - most likely to be /secure/Dashboard.jspa, which is in JIRA)     - of these instances, how many find Rapid Boards (measurement: first visit to /secure/RapidStart.jspa in an instance) + how many of the ones without GH at first had them (this necessary to have the numbers right for the following points)   -- Event is ""gh.welcome.show""    - how many attempt to create a project? (measurement: opening of the dialogue to create a project)   -- Event: ""gh.welcome.create.project.start"" with type in ""label"" field    - how many create a project + how many create a project of each type (scrum, kanban, diy) + how many create sample/non-sample projects? (measurement: store project_created as an event, with type associated to it, as well as if it was a sample project).   -- Event: ""gh.welcome.create.project.sampleData"" with type in ""label"" field preceding the next event in case of simple data is used   -- Event: ""gh.welcome.create.project.complete"" with type in ""label"" field    - how many non-sample projects create a single issue (measurement: store issue_created event)   -- Event: ""gh.issue.created"" with keys array stringified in ""keys"" field    - of scrum non-sample users, how many create a sprint (measurement: sprint_created event)   -- Event: ""gh.rapidboard.sprint.backlog.addmarker""    - of scrum non-sample users, how many start a sprint (measurement: sprint_started event)   -- Event: ""gh.start.sprint.dialog.change.start"" when attempt to start the sprint   -- Event: ""gh.start.sprint.dialog.change.complete"" when they actually start it    +    - how many users use rapid boards exclusively, how many use a mix, how many use classic exclusively - the first and last is what we cannot determine at the moment (measurement: store requests to RapidBoard.jspa vs the other two classic boards, then count these per week grouping by instance). Note that this is actual usage grouped instance, as opposed to usage overall (so larger instances having more influence) or binary on/off ""has ever used a classic/rapid board""   -- Event: ""gh.rapidboard.show"" on view of rapid board   -- Event: ""gh.classic.show"" on view of classic board      From Jay:    - How many epics appear on a board   -- Event ""gh.rapidboard.epics"" with ""value"" field as count    - How many versions appear on a board   -- TBD    (!) Development Notes (!)    Q: What if 1 action triggers more than 1 event?  A: (/) It could and probably will - its up to the post-processing to effectively filter, order & group the events.","All of the values below will need to be grouped by instance:    - how many instances are actually activated (measurement: for every instance with GH enabled, make sure we store first visit to an instance - most likely to be /secure/Dashboard.jspa, which is in JIRA)     - of these instances, how many find Rapid Boards (measurement: first visit to /secure/RapidStart.jspa in an instance) + how many of the ones without GH at first had them (this necessary to have the numbers right for the following points)   -- Event is ""gh.welcome.show""    - how many attempt to create a project? (measurement: opening of the dialogue to create a project)   -- Event: ""gh.welcome.create.project.start"" with type in ""label"" field    - how many create a project + how many create a project of each type (scrum, kanban, diy) + how many create sample/non-sample projects? (measurement: store project_created as an event, with type associated to it, as well as if it was a sample project).   -- Event: ""gh.welcome.create.project.sampleData"" with type in ""label"" field preceding the next event in case of simple data is used   -- Event: ""gh.welcome.create.project.complete"" with type in ""label"" field    - how many non-sample projects create a single issue (measurement: store issue_created event)   -- Event: ""gh.issue.created"" with keys array stringified in ""keys"" field    - of scrum non-sample users, how many create a sprint (measurement: sprint_created event)   -- Event: ""gh.rapidboard.sprint.backlog.addmarker""    - of scrum non-sample users, how many start a sprint (measurement: sprint_started event)   -- Event: ""gh.start.sprint.dialog.change.start"" when attempt to start the sprint   -- Event: ""gh.start.sprint.dialog.change.complete"" when they actually start it    +    - how many users use rapid boards exclusively, how many use a mix, how many use classic exclusively - the first and last is what we cannot determine at the moment (measurement: store requests to RapidBoard.jspa vs the other two classic boards, then count these per week grouping by instance). Note that this is actual usage grouped instance, as opposed to usage overall (so larger instances having more influence) or binary on/off ""has ever used a classic/rapid board""   -- Event: ""gh.rapidboard.show"" on view of rapid board   -- Event: ""gh.classic.show"" on view of classic board      From Jay:    - How many epics appear on a board   -- Event ""gh.rapidboard.epics"" with ""value"" field as count    - How many versions appear on a board   -- TBD    (!) Development Notes (!)    Q: What if 1 action triggers more than 1 event?  A: (/) It could and probably will - its up to the post-processing to effectively filter, order & group the events.",5,13.0,0.8,0.5115487575531006,gpt-4o-mini,zero_shot,13
"Display a invalid drop target icon on the version list when trying to assign story for a different project to a versionUse the browser default cursor ""not allowed""","Use the browser default cursor ""not allowed""",2,3.0,0.8,0.40183186531066895,gpt-4o-mini,zero_shot,3
"Swimlane by epicAs Patrick, I want to use epics for swimlanes so I can see progress of each epic within a sprint more easily.  # Both stories and subtasks for the epics should display. # Only an option for Scrum boards # The swimlane presentation is similar to ""story task"" swimlane: Epic Name, possibly issue key # No detail view shown for epic; clicking on swimlane selects first issue in swimlane (same as Assignee) # Issues without epics shows at the bottom","As Patrick, I want to use epics for swimlanes so I can see progress of each epic within a sprint more easily.  # Both stories and subtasks for the epics should display. # Only an option for Scrum boards # The swimlane presentation is similar to ""story task"" swimlane: Epic Name, possibly issue key # No detail view shown for epic; clicking on swimlane selects first issue in swimlane (same as Assignee) # Issues without epics shows at the bottom",3,8.0,0.8,0.5180840492248535,gpt-4o-mini,zero_shot,8
"As Patrick, I want the list of epics to reflect the current version filter* When a version filter is active, the epics which are not part of that version (by way of issues) are shown as ""faded out""  ** These faded out epics will still be interactive (drag and drop, filter toggling)  * Epic numbers metadata may be updated when filtering is active  * If an epic filter is active, and then a version filter is activated which excludes that epic, the epic filter will revert back to ""All issues"" option  * If a version filter is active, and a epic filtered for a an epic which has no issues in the currently selected version is selected, both filters are active and no results are shown    (!) Development Notes (!)  Q: Are there still drop zones for faded epics?  A: (/) Yes    Q: Will the epic unfade immediately if an issue is added?  A: (/) Yes    Q: Will the epic fade immediately when an issue is removed from it?  A: (/) Yes    Q: What happens if a quickfilter filters out all issues that are part of an epic?  A: (/) There will be no impact on the fading of the epics    Q: What if the instant filter is used?  A: (/) There will be no impact on the fading of the epics    Q: What happens when you ""Create an issue in epic"" for a faded epic?  A: (/) If the created issue has the fix version of the version being filtered, the epic will be unfaded because now it contains an issue with the correct version    Q: What happens if you create a new epic with a version selected? Is it born faded?  A: (/) It will be fade-born yes    Q: Do all faded epics unfade if you click the funnel?  A: (/) Yes    Q: Can you still modify faded epics through their dropdowns?  A: (/) Yes    Q: For all the files being touched, which other dependencies might be affected by changes?  A: (/) No impact on other files/components","* When a version filter is active, the epics which are not part of that version (by way of issues) are shown as ""faded out""  ** These faded out epics will still be interactive (drag and drop, filter toggling)  * Epic numbers metadata may be updated when filtering is active  * If an epic filter is active, and then a version filter is activated which excludes that epic, the epic filter will revert back to ""All issues"" option  * If a version filter is active, and a epic filtered for a an epic which has no issues in the currently selected version is selected, both filters are active and no results are shown    (!) Development Notes (!)  Q: Are there still drop zones for faded epics?  A: (/) Yes    Q: Will the epic unfade immediately if an issue is added?  A: (/) Yes    Q: Will the epic fade immediately when an issue is removed from it?  A: (/) Yes    Q: What happens if a quickfilter filters out all issues that are part of an epic?  A: (/) There will be no impact on the fading of the epics    Q: What if the instant filter is used?  A: (/) There will be no impact on the fading of the epics    Q: What happens when you ""Create an issue in epic"" for a faded epic?  A: (/) If the created issue has the fix version of the version being filtered, the epic will be unfaded because now it contains an issue with the correct version    Q: What happens if you create a new epic with a version selected? Is it born faded?  A: (/) It will be fade-born yes    Q: Do all faded epics unfade if you click the funnel?  A: (/) Yes    Q: Can you still modify faded epics through their dropdowns?  A: (/) Yes    Q: For all the files being touched, which other dependencies might be affected by changes?  A: (/) No impact on other files/components",5,8.0,0.8,0.5098681449890137,gpt-4o-mini,zero_shot,8
"Add an issue to an Epic from JIRA when no other issues have been added to it yetAs Patrick, I want to be able to add an issue to an empty epic when in JIRA so that I can fill it in easily.  Notes:  This can be achieved either via issue operation or always showing the existing ""issues in epic"" panel","As Patrick, I want to be able to add an issue to an empty epic when in JIRA so that I can fill it in easily.  Notes:  This can be achieved either via issue operation or always showing the existing ""issues in epic"" panel",1,5.0,0.8,0.6130530834197998,gpt-4o-mini,zero_shot,5
"As Patrick, I want to be able to filter my backlog to a select few versions so I can see which stories will be included in them",,3,5.0,0.8,0.42641735076904297,gpt-4o-mini,zero_shot,5
"Display a trendline for version chartAs Patrick, I want to see a trendline on the version chart so I can understand how the projection works.  A/C:  # display the trendline connecting projection to start of the version # if some stories have been removed from the version *after* they have been completed, then the line won't match the projection and that's fine. Otherwise the trendline is a straight line.","As Patrick, I want to see a trendline on the version chart so I can understand how the projection works.  A/C:  # display the trendline connecting projection to start of the version # if some stories have been removed from the version *after* they have been completed, then the line won't match the projection and that's fine. Otherwise the trendline is a straight line.",2,5.0,0.8,0.4642469882965088,gpt-4o-mini,zero_shot,5
As a reviewer to be able to review articles and add comments,,3,5.0,0.8,0.4410431385040283,gpt-4o-mini,zero_shot,5
"Autocomplete for Epic Link in JQLAs Patrick, I want to be able to see autocomplete when querying Epic Link in JQL so that it's easy to write queries without making spelling mistakes.","As Patrick, I want to be able to see autocomplete when querying Epic Link in JQL so that it's easy to write queries without making spelling mistakes.",3,5.0,0.8,0.4113321304321289,gpt-4o-mini,zero_shot,5
Promote Release Planning out of labsCOS:  # Remove the advertisement from Getting Started page # Remove labs flags in code ,COS:  # Remove the advertisement from Getting Started page # Remove labs flags in code ,1,3.0,0.8,0.43889594078063965,gpt-4o-mini,zero_shot,3
"ADG GH: Resizable Detail View- For this story, Plan Mode only - Idea is that we have a draggable left side for when people need more space, similar to other products (e.g. Confluence). - This drag would be remembered per client (local storage) in terms of percentage of window size - Consider what happens when DV is dragged too far - do other columns collapse or resize - Consider whether we do two-line issue representation for backlog column  Testing notes below","- For this story, Plan Mode only - Idea is that we have a draggable left side for when people need more space, similar to other products (e.g. Confluence). - This drag would be remembered per client (local storage) in terms of percentage of window size - Consider what happens when DV is dragged too far - do other columns collapse or resize - Consider whether we do two-line issue representation for backlog column  Testing notes below",5,8.0,0.8,0.3749687671661377,gpt-4o-mini,zero_shot,8
Gather information about potential sprint conflictsWhat we want to get out of it:    - 1 for having gh  - amount of rapid boards  - amount of kanban boards  - amount of scrum boards    - amount of sprints  - amount of issues in scrum boards    - amount of issues which belong to multiple sprints  - amount of sprints which contain said issues  - 1 if this instance had problem,What we want to get out of it:    - 1 for having gh  - amount of rapid boards  - amount of kanban boards  - amount of scrum boards    - amount of sprints  - amount of issues in scrum boards    - amount of issues which belong to multiple sprints  - amount of sprints which contain said issues  - 1 if this instance had problem,3,5.0,0.8,0.43453097343444824,gpt-4o-mini,zero_shot,5
"Expose GH defaults as an APICurrently other plugins can't access GH defaults such as Epic Issue Type or default custom field ids, and as a result can't do stuff where this is information is needed.    Add a new API that exposes this information to be consumable in java","Currently other plugins can't access GH defaults such as Epic Issue Type or default custom field ids, and as a result can't do stuff where this is information is needed.    Add a new API that exposes this information to be consumable in java",2,5.0,0.8,0.4235568046569824,gpt-4o-mini,zero_shot,5
"GH code fixes required for latest 6.0-breakit versionIn 6.0-breakit-SNAPSHOT since Jan 3rd, last unaffected version is 6.0-m04, ActionUtil, ActionNames, possibly ActionDispatcher and other related code has been removed.    GreenHopper uses this code in classic board fields to update field values, e.g. set the assignee, component, version etc.    To fix it, we'll have to replace all update code to use proper JIRA api. See the deprecated messages in ActionNames on what to replace the code with.","In 6.0-breakit-SNAPSHOT since Jan 3rd, last unaffected version is 6.0-m04, ActionUtil, ActionNames, possibly ActionDispatcher and other related code has been removed.    GreenHopper uses this code in classic board fields to update field values, e.g. set the assignee, component, version etc.    To fix it, we'll have to replace all update code to use proper JIRA api. See the deprecated messages in ActionNames on what to replace the code with.",5,8.0,0.8,0.468980073928833,gpt-4o-mini,zero_shot,8
"As a user, I want to be able to create a GH board straight from the JIRA create project dialog so it's easier for meThis is about plugging into the plugin point exposed by JIRA and  - specify the title - hijack the project post creation and redirect to GH - separate buttons for Scrum + Kanban - Simplified workflow by default without option to select  (!) Development Notes (!)  Q: Is there differing implementation between btf and OD that we need to consider? Application permissions? A: (/) I don't believe there should be any, these would relate to installation of GH when it's not present and will be dealt with in subsequent stories  Q: What board configuration do we allow from this dialog? A: (/) This story only covers the minimum - the user will be able to specify project name, key and project lead (all of that provided by JIRA already), and we need to create a board for that project, assuming simplified workflow  Q: What happens to our old create project+board dialog? A: (/) Nothing ","This is about plugging into the plugin point exposed by JIRA and  - specify the title - hijack the project post creation and redirect to GH - separate buttons for Scrum + Kanban - Simplified workflow by default without option to select  (!) Development Notes (!)  Q: Is there differing implementation between btf and OD that we need to consider? Application permissions? A: (/) I don't believe there should be any, these would relate to installation of GH when it's not present and will be dealt with in subsequent stories  Q: What board configuration do we allow from this dialog? A: (/) This story only covers the minimum - the user will be able to specify project name, key and project lead (all of that provided by JIRA already), and we need to create a board for that project, assuming simplified workflow  Q: What happens to our old create project+board dialog? A: (/) Nothing ",5,8.0,0.8,1.027435064315796,gpt-4o-mini,zero_shot,8
"As Patrick, I want to see list of versions when I'm looking at the backlogConsidered versions: - versions which are BOTH: -- part of projects included in the board, AND -- unreleased -- not archived  Ordering: - version sequence for versions within the same project (oldest first) - overall projects are ordered by project name  Display: - version name along with project key (name on mouse hover) -- version name wraps around project key, if one or both are long - if the board only has one project, omit project name  If there are no release versions you get an empty column. In the filters story we'll add an ""all releases"" button so it doesn't look so empty.  (!) Development Notes (!)  Q: What if there are duplicate version names? A: They look the same.   Q: What if the version names are long? A: They wrap.   Q: What if a version has been renamed / deleted in the system? A: It doesn't show up (archived versions dont' show up).  Q: When reordering versions, are they bound to their container? A: The order can't be changed on this page.   Q: What can I edit about the versions? A: Nothing. Nada. Rien. Nope.  Q: What does the detail view display if a version is selected but no issues are selected? A: There is no selection of a version yet, that's part of the filter story.   Q: What if the fixVersions field doesn't exist? A: (x) Not Answered  Q: Is there a way to select another version field to be displayed here? A: (x) Not Answered  Q: What if the version is ""Archived"" in JIRA? A: It isn't included in the list. ","Considered versions: - versions which are BOTH: -- part of projects included in the board, AND -- unreleased -- not archived  Ordering: - version sequence for versions within the same project (oldest first) - overall projects are ordered by project name  Display: - version name along with project key (name on mouse hover) -- version name wraps around project key, if one or both are long - if the board only has one project, omit project name  If there are no release versions you get an empty column. In the filters story we'll add an ""all releases"" button so it doesn't look so empty.  (!) Development Notes (!)  Q: What if there are duplicate version names? A: They look the same.   Q: What if the version names are long? A: They wrap.   Q: What if a version has been renamed / deleted in the system? A: It doesn't show up (archived versions dont' show up).  Q: When reordering versions, are they bound to their container? A: The order can't be changed on this page.   Q: What can I edit about the versions? A: Nothing. Nada. Rien. Nope.  Q: What does the detail view display if a version is selected but no issues are selected? A: There is no selection of a version yet, that's part of the filter story.   Q: What if the fixVersions field doesn't exist? A: (x) Not Answered  Q: Is there a way to select another version field to be displayed here? A: (x) Not Answered  Q: What if the version is ""Archived"" in JIRA? A: It isn't included in the list. ",5,5.0,0.8,0.5091450214385986,gpt-4o-mini,zero_shot,5
"Wizard-like Create Board dialogAs Patrick, I want to be guided when creating a board so I don't get lost in the process.    CoS:    - The dialog consists of three parts:  -- Board type (Scrum, Kanban)  -- Project/Filter (create new project, choose existing, specify saved filter)  -- leftovers: sample data on/off, workflow (JIRA vs GH Simplified)  - this dialog replaces the existing ones present in:  -- create new scrum board  -- create new kanban board  -- create new DIY board  -- the dialog available from the cog menu (incl Manage Boards)  - the ""DIY"" option is removed from the ""Getting Started"" screen as it is effectively obsolete  - if Scrum or Kanban mode is chosen from the ""Getting Started"" screen, then the wizard should start at step 2 (i.e. we already know if it's scrum or kanban)  - the text inviting you to create new project or choose existing on ""Getting Started"" needs rewording so it simply opens the dialog -- remove the two ""1"" and ""2"" things and replace with just ""1"".  - the link to create a sample project should be rewired to use the new wizard and take you directly to creating the project with sample data and workflow options already selected.    (!) Dev Notes (!)    Q: What if there are no existing projects to select?  A: Skip the step to choose and go straight to create new project    Q: What if there are no filters to select from?  A: No option to choose to create from a filter    Q: What if the user has no permissions to create a project?  A: menu link or button disabled; getting started text changes and does not show option to create    Q: For OnDemand, what if the user doesn't have all application permissions to create a project?  A: menu link or button disabled; getting started text changes and does not show option to create    Q: What if there is a large number of existing projects?  A: Drop down is really long    Q: What if there are a large number of filters?  A: Drop down is really long    Q: What if the user does not have permission to see some/all filters?  A: They won't appear in the list    Q: Are selections persisted between board creations?  A: No    Q: Does scrolling through all the panes persist selections?  A: Back / Next through pages should persist selections    Q: Is there proper XSS escaping for filters and projects?  A: Yes    Q: What if the window is resized?  A: Dialog stays the same size    Q: Does the create button disable/spinner after pressed?  A: There is a spinner.    Q: What happens if the operation is cancelled after the create button is pressed?  A: Within the process the dialog just goes away and no board is created. After the final button is pressed the page will reload and go to board, no cancel button.     Q: Has this been checked from plan, work, and report? Manage Boards, Board Configuration, and Getting Started all the same?  A: Link will be in menu for Manage Boards, Plan, Work and Report.     Q: Will the dialog not render properly in some browsers?  A: No, it will always be beautiful.   A2: In JIRA 5.1, 5.2 the dialog has some differences as expected.","As Patrick, I want to be guided when creating a board so I don't get lost in the process.    CoS:    - The dialog consists of three parts:  -- Board type (Scrum, Kanban)  -- Project/Filter (create new project, choose existing, specify saved filter)  -- leftovers: sample data on/off, workflow (JIRA vs GH Simplified)  - this dialog replaces the existing ones present in:  -- create new scrum board  -- create new kanban board  -- create new DIY board  -- the dialog available from the cog menu (incl Manage Boards)  - the ""DIY"" option is removed from the ""Getting Started"" screen as it is effectively obsolete  - if Scrum or Kanban mode is chosen from the ""Getting Started"" screen, then the wizard should start at step 2 (i.e. we already know if it's scrum or kanban)  - the text inviting you to create new project or choose existing on ""Getting Started"" needs rewording so it simply opens the dialog -- remove the two ""1"" and ""2"" things and replace with just ""1"".  - the link to create a sample project should be rewired to use the new wizard and take you directly to creating the project with sample data and workflow options already selected.    (!) Dev Notes (!)    Q: What if there are no existing projects to select?  A: Skip the step to choose and go straight to create new project    Q: What if there are no filters to select from?  A: No option to choose to create from a filter    Q: What if the user has no permissions to create a project?  A: menu link or button disabled; getting started text changes and does not show option to create    Q: For OnDemand, what if the user doesn't have all application permissions to create a project?  A: menu link or button disabled; getting started text changes and does not show option to create    Q: What if there is a large number of existing projects?  A: Drop down is really long    Q: What if there are a large number of filters?  A: Drop down is really long    Q: What if the user does not have permission to see some/all filters?  A: They won't appear in the list    Q: Are selections persisted between board creations?  A: No    Q: Does scrolling through all the panes persist selections?  A: Back / Next through pages should persist selections    Q: Is there proper XSS escaping for filters and projects?  A: Yes    Q: What if the window is resized?  A: Dialog stays the same size    Q: Does the create button disable/spinner after pressed?  A: There is a spinner.    Q: What happens if the operation is cancelled after the create button is pressed?  A: Within the process the dialog just goes away and no board is created. After the final button is pressed the page will reload and go to board, no cancel button.     Q: Has this been checked from plan, work, and report? Manage Boards, Board Configuration, and Getting Started all the same?  A: Link will be in menu for Manage Boards, Plan, Work and Report.     Q: Will the dialog not render properly in some browsers?  A: No, it will always be beautiful.   A2: In JIRA 5.1, 5.2 the dialog has some differences as expected.",8,8.0,0.8,0.5134119987487793,gpt-4o-mini,zero_shot,8
