index,story_a,story_b,expected_comparison,predicted_comparison,correct,confidence_score,response_time,prediction_text,complexity_analysis,timestamp
1,"As Patrick, I want to see list of versions when I'm looking at the backlog
Considered versions: - versions which are BOTH: -- part of projects included in the board, AND -- unreleased -- not archived  Ordering: - version sequence for versions within the same project (oldest first) - overall projects are ordered by project name  Display: - version name along with project key (name on mouse hover) -- version name wraps around project key, if one or both are long - if the board only has one project, omit project name  If there are no release versions you get an empty column. In the filters story we'll add an ""all releases"" button so it doesn't look so empty.  (!) Development Notes (!)  Q: What if there are duplicate version names? A: They look the same.   Q: What if the version names are long? A: They wrap.   Q: What if a version has been renamed / deleted in the system? A: It doesn't show up (archived versions dont' show up).  Q: When reordering versions, are they bound to their container? A: The order can't be changed on this page.   Q: What can I edit about the versions? A: Nothing. Nada. Rien. Nope.  Q: What does the detail view display if a version is selected but no issues are selected? A: There is no selection of a version yet, that's part of the filter story.   Q: What if the fixVersions field doesn't exist? A: (x) Not Answered  Q: Is there a way to select another version field to be displayed here? A: (x) Not Answered  Q: What if the version is ""Archived"" in JIRA? A: It isn't included in the list. ","Change ""hide nav bar"" shortcut
Currently it's 'z' to cycle between normal, projector and no-nav mode. Let's separate it so 'z' toggles projector mode only (as it used to), and Ctrl+Shift+F toggles the ""hide nav bar"" mode.    Rationale: this is consistent with how Confluence does it, and also Google Docs.",1,1,True,0.7,8.834924936294556,"REASONING:
Story A presents a more complex scenario due to several factors. 

1. **TECHNICAL COMPLEXITY**:
   - **Code Complexity**: Story A requires handling multiple conditions for displaying versions based on project inclusion, release status, and archiving. This involves more intricate logic and potentially complex data structures to manage the relationships between projects and versions. In contrast, Story B is a straightforward change to keyboard shortcuts with minimal code complexity.
   - **Technical Debt and Legacy System Integration**: Story A must consider existing data structures and how they interact with the current backlog display, which may involve legacy code. Story B does not have such considerations as it only modifies existing functionality.
   - **Performance Requirements**: Story A may need to ensure that the version display is efficient, especially if there are many projects and versions. Story B's performance impact is negligible as it only involves keyboard shortcuts.

2. **INTEGRATION REQUIREMENTS**:
   - **External System Dependencies**: Story A likely interacts with the existing project and version management systems, requiring careful integration to ensure that only the correct versions are displayed. Story B does not involve any external systems or dependencies.
   - **API Integrations**: Story A may require API calls to fetch the relevant versions and projects, while Story B does not involve any API changes.
   - **Database Schema Changes**: Story A may necessitate changes to how versions are queried or displayed, while Story B does not require any database changes.

3. **TESTING EFFORT**:
   - **Unit Test Coverage**: Story A will require extensive unit tests to cover various scenarios of version display, including edge cases like duplicate names and long names. Story B will require minimal testing focused on the keyboard shortcut functionality.
   - **Integration Testing Complexity**: Story A will need thorough integration testing to ensure that the version display works correctly with the existing backlog and project data. Story B's integration testing is straightforward and limited to verifying the shortcut functionality.
   - **Performance and Security Testing**: Story A may require performance testing to ensure that the display of versions does not degrade user experience, while Story B does not have significant performance or security implications.
   - **Cross-platform/browser Testing**: Story A may need to be tested across different environments to ensure consistent behavior, while Story B's testing is limited to the functionality of keyboard shortcuts.

4. **DOCUMENTATION NEEDS**:
   - **Technical Specification Requirements**: Story A will require detailed documentation to explain how the version display works, including the logic for filtering and ordering. Story B will need minimal documentation, primarily to update the user guide for the new shortcuts.
   - **User Documentation and Training Materials**: Story A will require comprehensive user documentation to explain the new version display features, while Story B will only need a brief mention of the shortcut changes.
   - **API Documentation**: Story A may require updates to API documentation if new endpoints or changes to existing ones are needed, while Story B does not necessitate any API documentation changes.

Overall, Story A has significantly higher complexity across all dimensions compared to Story B.

ANSWER: 1",Similar complexity levels,2025-09-03T01:39:59.548991
2,"As Patrick, I want to be able to filter my backlog to a select few versions so I can see which stories will be included in them
","As Patrick, I want to adjust release report projections to simulate and better understand what can be achieved within a version
- allow the percentage calculation to be adjusted (default to 10%) ",-1,-1,True,0.7,10.480700969696045,"REASONING:
**Technical Complexity:**
- **Story A** involves filtering a backlog based on selected versions. This requires implementing a filtering mechanism, which may involve complex algorithms to handle various filtering criteria and potentially large datasets. The data structures used to represent the backlog and versions may also need to be optimized for performance.
- **Story B** requires adjusting release report projections, which involves calculations based on user-defined percentages. While this may seem straightforward, it could involve complex logic to simulate various scenarios and understand the implications of different percentage adjustments on the overall projections. The need to visualize these projections could also add complexity.

**Integration Requirements:**
- **Story A** may require integration with existing backlog management systems, but it primarily focuses on filtering data already present in the system. The integration might be limited to querying existing data.
- **Story B** could involve more extensive integration with external systems to gather data for projections, especially if it needs to pull in historical data or metrics from other sources. This could lead to more complex API integrations and data flows.

**Testing Effort:**
- **Story A** will require unit tests for the filtering logic and integration tests to ensure that the filtering works correctly with the existing backlog data. However, the testing effort may be relatively straightforward.
- **Story B** will require extensive testing to ensure that the projections are accurate under various scenarios. This includes unit tests for the calculation logic, integration tests for data retrieval, and possibly performance testing to ensure that the system can handle the load of simulating multiple scenarios.

**Documentation Needs:**
- **Story A** will need documentation for the filtering feature, but this may be limited to user documentation explaining how to use the filter.
- **Story B** will require more comprehensive documentation, including technical specifications for the projection calculations, user documentation for understanding the simulation feature, and possibly API documentation if external data sources are involved.

Overall, while both stories have their complexities, **Story B** appears to have higher technical complexity due to the need for more extensive calculations, potential external integrations, and a greater emphasis on testing and documentation.

ANSWER: -1",Similar complexity levels,2025-09-03T01:40:10.030735
3,"As Patrick, I want to be able to delete a version
- allow for a version to be deleted - warn if other issues are assigned to it already - what permissions do we need for that action (TODO: team input here) ","As a user I want to be able to see the Epic Name as a column in Issue Navigator searches
Currently, using the Epic Link column only shows the epic's issue key.",1,1,True,0.7,10.441158056259155,"REASONING:
Story A involves the ability to delete a version, which introduces several complexities. First, there is the need to implement a warning system if other issues are assigned to the version, which requires additional logic to check for dependencies and relationships between issues and versions. This could involve complex algorithms and data structures to manage these relationships effectively. Additionally, determining the necessary permissions for the delete action adds another layer of complexity, as it requires understanding the existing permission model and potentially modifying it.

In terms of integration requirements, Story A may necessitate changes to the database schema to accommodate the deletion logic and ensure data integrity. There could also be implications for existing APIs that handle versioning, requiring updates to ensure they correctly reflect the state of versions after a deletion.

Testing efforts for Story A are likely to be significant. Unit tests will need to cover the deletion logic, the warning system, and permission checks. Integration testing will be necessary to ensure that the deletion does not adversely affect other parts of the system, particularly those that rely on version data. Performance testing may also be required to ensure that the deletion process does not introduce latency or other performance issues.

Documentation needs for Story A will include technical specifications for the new deletion feature, user documentation to explain how to use the feature, and updates to API documentation to reflect any changes made.

Story B, on the other hand, is primarily a UI enhancement that involves displaying the Epic Name as a column in the Issue Navigator. While it does require some backend changes to fetch and display the Epic Name, the complexity is significantly lower. The changes are likely limited to modifying existing queries and updating the UI to include the new column. There are fewer dependencies and less risk of impacting other parts of the system.

Testing for Story B will involve ensuring that the new column displays correctly and that existing functionality is not broken. However, the overall testing effort is likely to be less intensive than for Story A, as it does not involve complex logic or significant changes to the underlying data structures.

Documentation for Story B will be simpler, primarily focusing on user documentation to inform users of the new feature.

Overall, Story A presents a higher technical complexity across all dimensions compared to Story B.

ANSWER: 1",Similar complexity levels,2025-09-03T01:40:20.472979
4,"As Patrick, I want to understand the progress towards a version with a single report
- the chart needs to show the complete history of a version (incl scope changes) - it's a burnup chart showing total estimate vs complete estimate, total vs unestimated stories - also display count of unestimated stories - start date is defined as the day when first story from that version was added to the version (to use startDate once we have it) - also display the list of stories split into complete, incomplete, incomplete unestimated (we may want to consider adding full history later on); - each story on the list should display the epic it belongs to  (!) Development Notes (!)  Q: How does the chart look if it has been archived then unarchived again? A: the same  Q: What if an issue is a part of multiple versions? Are there any implications for which version it is displayed in/ permission issues if this issue is in another project our user has no permissions to see? A: it's displayed in all of them if the user has permissions to see it  Q: What if epics are in a version, how are they counted and displayed? A: They are added to the issue count and will show up in the table.  Q: What happens to the chart when the first issue added to the version is deleted/moved/converted? A: it should show issue removed","Quick filters should collapse into a ""... Show more"" reveal pattern when they will wrap to more than one line
We should use a pattern similar to the Reveal text pattern from the ADG.    * When there are more Quick Filters than there is horizontal screen space (eg. the screen is not wide enough, and they will wrap), we hide the remaining ones and display a ""... Show more"" link as the last Quick Filter.  * Clicking ""... Show more"" will reveal the rest of the Quick Filters  * ""... Show more"" will now change to say ""Show less"" instead  * The default state for all users is the collapsed state  * Whether the Filters are collapsed or all shown is persistent on a user level  * Reordering the Quick Filters stays the same as it is today  * When the header is collapsed (z on the keyboard), the behaviour stays the same.    ",1,1,True,0.8,7.371893882751465,"REASONING:
Story A involves the creation of a burnup chart that requires a comprehensive understanding of the versioning system, including the handling of scope changes, story statuses, and the relationships between stories and epics. The complexity arises from the need to manage historical data, which may involve intricate algorithms to calculate the total estimates versus completed estimates, as well as the handling of edge cases such as archived versions and issues that belong to multiple versions. This requires a robust data structure and potentially complex logic to ensure accurate representation of the data.

In terms of integration requirements, Story A may necessitate changes to the database schema to accommodate the historical tracking of stories and their statuses, as well as potential API integrations to fetch the necessary data. The testing effort for Story A is also significant, as it will require thorough unit testing, integration testing, and performance testing to ensure the chart behaves correctly under various scenarios.

On the other hand, Story B is primarily a UI enhancement that involves implementing a ""Show more"" functionality for quick filters. While it does require some consideration for user preferences and state persistence, the technical complexity is relatively low. The changes are mostly front-end focused, with minimal backend implications. The testing effort is also less intensive, primarily focusing on UI testing and ensuring the feature works across different screen sizes and browsers.

Overall, Story A presents a higher level of technical complexity due to its intricate requirements, data handling, and testing needs compared to the relatively straightforward UI changes in Story B.

ANSWER: 1",Similar complexity levels,2025-09-03T01:40:27.845685
5,"Add Atlassian Analytics events to GH
All of the values below will need to be grouped by instance:    - how many instances are actually activated (measurement: for every instance with GH enabled, make sure we store first visit to an instance - most likely to be /secure/Dashboard.jspa, which is in JIRA)     - of these instances, how many find Rapid Boards (measurement: first visit to /secure/RapidStart.jspa in an instance) + how many of the ones without GH at first had them (this necessary to have the numbers right for the following points)   -- Event is ""gh.welcome.show""    - how many attempt to create a project? (measurement: opening of the dialogue to create a project)   -- Event: ""gh.welcome.create.project.start"" with type in ""label"" field    - how many create a project + how many create a project of each type (scrum, kanban, diy) + how many create sample/non-sample projects? (measurement: store project_created as an event, with type associated to it, as well as if it was a sample project).   -- Event: ""gh.welcome.create.project.sampleData"" with type in ""label"" field preceding the next event in case of simple data is used   -- Event: ""gh.welcome.create.project.complete"" with type in ""label"" field    - how many non-sample projects create a single issue (measurement: store issue_created event)   -- Event: ""gh.issue.created"" with keys array stringified in ""keys"" field    - of scrum non-sample users, how many create a sprint (measurement: sprint_created event)   -- Event: ""gh.rapidboard.sprint.backlog.addmarker""    - of scrum non-sample users, how many start a sprint (measurement: sprint_started event)   -- Event: ""gh.start.sprint.dialog.change.start"" when attempt to start the sprint   -- Event: ""gh.start.sprint.dialog.change.complete"" when they actually start it    +    - how many users use rapid boards exclusively, how many use a mix, how many use classic exclusively - the first and last is what we cannot determine at the moment (measurement: store requests to RapidBoard.jspa vs the other two classic boards, then count these per week grouping by instance). Note that this is actual usage grouped instance, as opposed to usage overall (so larger instances having more influence) or binary on/off ""has ever used a classic/rapid board""   -- Event: ""gh.rapidboard.show"" on view of rapid board   -- Event: ""gh.classic.show"" on view of classic board      From Jay:    - How many epics appear on a board   -- Event ""gh.rapidboard.epics"" with ""value"" field as count    - How many versions appear on a board   -- TBD    (!) Development Notes (!)    Q: What if 1 action triggers more than 1 event?  A: (/) It could and probably will - its up to the post-processing to effectively filter, order & group the events.","Edit startDate of a fixVersion in JIRA
As Patrick, I want to be able to edit startDate for a fixVersion in JIRA so that the experience between GH and JIRA is consistent and not confusing.    h4. Approach for JIRA 6.0    JIRA code base:  * Modify JIRA's {{version}} table to include a start date column  * Make the above schema change on JIRA 5.2.x branch so that downgrades continue to work.  * Augment the RESTful table in JIRA's Project Admin page for Versions to show this start date and allow editing of it  * Augment the REST representation of versions to include start date  * Add the start date field to the JIRA API for a Version object    GH code base:  * Make GH aware of the capability of storing start date in either JIRA or GH, depending on the JIRA version.  * Migrate data stored in GH for start date to JIRA storage if available.    (!) Development Notes (!)    Q: How will adding a startDate to a previously released version affect the issues that apply to it?  A: (/) If a previously released version has a release date, the new start date will be validated against the release date.    Q: How will adding a startDate affect issues that have been Archived?  A: (/) Changes to version data do not affect issues.    Q: Which timezone setting will the startDate follow, user's or system's?  A: (/) Start date and release date are both stored in the JVM system time zone.    Q: Can you remove the startDate after adding it?  A: (/) Yes.    Q: What is one way to get the startDate to come after the releaseDate?  A: (/) Not possible.    Q: What happens when you add a startDate to a version that has been released but has no releaseDate?  A: (/) Start date can be added without release date.    Q: Is there a special place in the database this column/row will go? Depending on the database used, is there a way for this location to be already taken, and/or do we recycle a location/field ID? We need to protect against overwrites.  A: (/) The field {{startdate}} did not exist in the table {{projectversion}} before now.    Q: How is the data synchronised between GH AO tables and JIRA?  A: (/) When the Version meta data is asked for in GH, it will check to see if it exists in JIRA as well. If so, it will be migrated over.",-1,1,False,0.7,9.932127952575684,"REASONING:
Story A involves adding a comprehensive set of analytics events to a system, which requires significant code complexity due to the need to track multiple user interactions and store various metrics. This includes handling different event types, ensuring accurate grouping by instance, and potentially dealing with complex data structures to manage the event data. The integration with existing systems (like JIRA) and the need to ensure that the analytics are accurate and meaningful adds to the technical debt and legacy system integration challenges.

In terms of integration requirements, Story A necessitates a deep understanding of how events are triggered and processed, which may involve multiple API integrations and data flows. The need to store and retrieve analytics data efficiently also raises performance and scalability concerns, especially if the system needs to handle a large volume of events.

Testing efforts for Story A are likely to be extensive, requiring unit tests for each event and integration tests to ensure that the analytics are correctly recorded and reported. Performance testing will also be crucial to ensure that the addition of these events does not degrade system performance.

On the other hand, Story B involves modifying the JIRA database schema to add a new column for start dates and ensuring that this change is compatible with existing versions of JIRA. While this does involve some technical complexity, it is primarily focused on a single feature with a clear set of requirements. The integration requirements are more straightforward, as it mainly involves ensuring that the new field is correctly represented in the API and user interface.

The testing effort for Story B, while still significant, is less complex than that of Story A. It primarily involves validating the new field's functionality and ensuring that it integrates well with existing features, rather than tracking multiple events and user interactions.

In summary, Story A has higher technical complexity due to its extensive requirements for analytics tracking, integration with existing systems, and the need for comprehensive testing. Story B, while not trivial, is more contained and focused on a single feature enhancement.

ANSWER: 1",Story B significantly more complex,2025-09-03T01:40:37.778812
6,"As a user, I want to be able to create a GH board straight from the JIRA create project dialog so it's easier for me
This is about plugging into the plugin point exposed by JIRA and  - specify the title - hijack the project post creation and redirect to GH - separate buttons for Scrum + Kanban - Simplified workflow by default without option to select  (!) Development Notes (!)  Q: Is there differing implementation between btf and OD that we need to consider? Application permissions? A: (/) I don't believe there should be any, these would relate to installation of GH when it's not present and will be dealt with in subsequent stories  Q: What board configuration do we allow from this dialog? A: (/) This story only covers the minimum - the user will be able to specify project name, key and project lead (all of that provided by JIRA already), and we need to create a board for that project, assuming simplified workflow  Q: What happens to our old create project+board dialog? A: (/) Nothing ","Change ""hide nav bar"" shortcut
Currently it's 'z' to cycle between normal, projector and no-nav mode. Let's separate it so 'z' toggles projector mode only (as it used to), and Ctrl+Shift+F toggles the ""hide nav bar"" mode.    Rationale: this is consistent with how Confluence does it, and also Google Docs.",1,1,True,0.4,5.83948278427124,"REASONING:
Story A involves integrating with JIRA's plugin point to create a GitHub (GH) board directly from the JIRA project creation dialog. This requires handling multiple components such as project creation, board configuration, and potentially dealing with different environments (btf and OD). The complexity arises from the need to ensure that the integration works seamlessly, which may involve understanding JIRA's internal APIs, managing permissions, and ensuring that the workflow is simplified yet functional. Additionally, there are considerations regarding user experience and maintaining backward compatibility with existing dialogs.

In contrast, Story B is a straightforward change to keyboard shortcuts for toggling UI modes. This involves modifying existing functionality without significant changes to the underlying architecture or data structures. The complexity here is minimal, as it primarily involves updating event listeners for keyboard inputs and ensuring that the new shortcuts do not conflict with existing ones.

When analyzing the dimensions:
1. TECHNICAL COMPLEXITY: Story A has higher complexity due to the integration with JIRA and the need to manage multiple configurations and user flows. Story B is a simple UI change.
2. INTEGRATION REQUIREMENTS: Story A requires integration with JIRA's APIs and possibly handling different environments, while Story B has no external dependencies.
3. TESTING EFFORT: Story A will require extensive testing, including integration and possibly performance testing, while Story B will only need basic unit testing for the UI changes.
4. DOCUMENTATION NEEDS: Story A will necessitate detailed technical specifications and user documentation for the new feature, whereas Story B will require minimal documentation updates.

Overall, Story A presents a significantly higher technical complexity across all dimensions compared to Story B.

ANSWER: 1",Similar complexity levels,2025-09-03T01:40:43.619009
7,"Update the open/close epic/versions panel(s)
COS:  Went through some variations on design before Martin suggested a 2-story-point fix for the story that is a slight deviation from the current design, but that  a) pulls in hover-X to close version or epic panel b) when a panel is open, there is no left-side sideways text ","Update close icon in Detail View to be a font icon
",1,1,True,0.7,10.031239986419678,"REASONING:
Story A involves updating the open/close epic/versions panel(s) with specific design considerations, which introduces several layers of complexity. The need to implement hover functionality and manage the visual aspects of the panel (like ensuring no left-side sideways text when open) suggests that there are multiple UI states to handle. This could involve changes to the existing codebase that may not be straightforward, especially if the current implementation has technical debt or legacy code that needs to be navigated. The design variations and the need for a slight deviation from the current design imply that there may be additional considerations for performance and user experience.

In contrast, Story B is focused on updating a close icon in the Detail View to a font icon. This is a relatively straightforward task that likely involves a simple replacement in the UI layer with minimal impact on the underlying code structure. There are no indications of complex integrations, performance concerns, or significant testing requirements associated with this change.

When analyzing the integration requirements, Story A may require more extensive testing and validation to ensure that the new functionality works seamlessly with existing components, while Story B is unlikely to have any external dependencies or significant integration challenges.

In terms of testing effort, Story A will likely require more comprehensive unit tests and integration tests to cover the new functionality and ensure that existing features are not adversely affected. Story B, being a simple UI change, would require minimal testing.

Finally, the documentation needs for Story A would be more extensive due to the complexity of the changes, while Story B would require only a brief update to reflect the icon change.

Overall, Story A presents a higher technical complexity across all dimensions compared to Story B.

ANSWER: 1",Similar complexity levels,2025-09-03T01:40:53.651345
8,"As Patrick, I want to understand the progress towards a version with a single report
- the chart needs to show the complete history of a version (incl scope changes) - it's a burnup chart showing total estimate vs complete estimate, total vs unestimated stories - also display count of unestimated stories - start date is defined as the day when first story from that version was added to the version (to use startDate once we have it) - also display the list of stories split into complete, incomplete, incomplete unestimated (we may want to consider adding full history later on); - each story on the list should display the epic it belongs to  (!) Development Notes (!)  Q: How does the chart look if it has been archived then unarchived again? A: the same  Q: What if an issue is a part of multiple versions? Are there any implications for which version it is displayed in/ permission issues if this issue is in another project our user has no permissions to see? A: it's displayed in all of them if the user has permissions to see it  Q: What if epics are in a version, how are they counted and displayed? A: They are added to the issue count and will show up in the table.  Q: What happens to the chart when the first issue added to the version is deleted/moved/converted? A: it should show issue removed","Swimlane by epic
As Patrick, I want to use epics for swimlanes so I can see progress of each epic within a sprint more easily.  # Both stories and subtasks for the epics should display. # Only an option for Scrum boards # The swimlane presentation is similar to ""story task"" swimlane: Epic Name, possibly issue key # No detail view shown for epic; clicking on swimlane selects first issue in swimlane (same as Assignee) # Issues without epics shows at the bottom",1,1,True,0.7,14.849534273147583,"REASONING:
Story A presents a higher level of technical complexity compared to Story B across all specified dimensions.

1. TECHNICAL COMPLEXITY:
   - **Code complexity**: Story A requires the implementation of a burnup chart that involves complex algorithms to calculate and display various metrics (total estimate vs complete estimate, total vs unestimated stories). It also needs to handle multiple states of stories (complete, incomplete, unestimated) and their relationships with epics. In contrast, Story B's swimlane feature is primarily a UI presentation layer with less complex logic involved.
   - **Technical debt and legacy system integration**: Story A may need to integrate with existing reporting systems and handle legacy data structures, which adds to its complexity. Story B, while it may have some integration needs, is less likely to involve significant legacy system challenges.
   - **Performance requirements and scalability needs**: The burnup chart in Story A must efficiently handle potentially large datasets and provide real-time updates, which can be performance-intensive. Story B's swimlane feature is less demanding in terms of performance, as it primarily displays existing data without complex calculations.

2. INTEGRATION REQUIREMENTS:
   - **External system dependencies**: Story A may require integration with external systems for data retrieval and reporting, especially if it needs to pull in historical data or interact with other project management tools. Story B is more self-contained and does not imply significant external dependencies.
   - **API integrations and data flows**: Story A will likely involve complex API interactions to fetch and display the necessary data for the burnup chart, while Story B's requirements for API integration are minimal, focusing mainly on displaying existing data.
   - **Database schema changes and migrations**: Story A may necessitate changes to the database schema to accommodate new data points for the burnup chart, while Story B is unlikely to require any significant database changes.

3. TESTING EFFORT:
   - **Unit test coverage requirements**: Story A will require extensive unit tests to cover the various calculations and data manipulations involved in generating the burnup chart. Story B will require less extensive testing, primarily focused on UI behavior.
   - **Integration testing complexity**: The integration testing for Story A will be more complex due to the multiple data sources and interactions involved. Story B's integration testing will be simpler, focusing on ensuring the swimlane displays correctly.
   - **Performance and security testing needs**: Story A will require thorough performance testing to ensure it can handle large datasets efficiently and security testing to ensure data integrity and access control. Story B will have minimal performance and security testing needs.
   - **Cross-platform/browser testing**: While both stories will require some level of cross-platform testing, Story A's complexity in data presentation may introduce more variables to test compared to the straightforward UI of Story B.

4. DOCUMENTATION NEEDS:
   - **Technical specification requirements**: Story A will require detailed technical specifications to outline the calculations, data flows, and integration points. Story B will need less documentation, primarily focused on UI behavior.
   - **User documentation and training materials**: Story A will necessitate comprehensive user documentation to explain the burnup chart's metrics and functionality. Story B will require simpler documentation focused on how to use the swimlane feature.
   - **API documentation and developer guides**: Story A will require detailed API documentation to support the data retrieval and integration aspects, while Story B's API documentation needs will be minimal.

Overall, Story A's complexity is significantly higher across all dimensions compared to Story B.

ANSWER: 1",Similar complexity levels,2025-09-03T01:41:08.502708
9,"As Patrick, I want to see the version assigned to an issue in the list view so I can quickly identify which issues belong to which versions
* Estimate column spacing still honoured * If there is no epic associated, version lozenge will be right-justified next to estimate * All version lozenges use the same colour, which is not a colour available to epics * Truncation assessed by the width (similar to epic lozenges) * What happens when an issue is associated with multiple fix versions through JIRA? ** Show somehow that there's more than one version on the lozenge ** The primary version is the first unreleased version in the sequence * Released versions are displayed * Archived versions are not  (!) Development Notes (!)  Q: What if the version name is very long? A: it's truncated (via CSS - martin to review)  Q: Shouldn't the primary version in a multi-version be the soonest version, rather than the alphabetical one? A: (x) it's currently ordered alphabetically, please talk to Tokes / Tom if you think it should be different  Q: How does this play with the epics / DV being open / closed? A: not affected  Q: How do you remove an issue from a single version if it has multiple? A: you can't remove a fix version at all  Q: What if one of the versions is / has been released? A: it still shows up  Q: What if the version is ""Archived"" in JIRA? A: (x) Not Answered","In order to be able to select report options easily, I want a better control to use
When opening a dropdown menu with a large amount of options, the menu doesn't force the page to scroll.  CoS:  # Four reports are affected: Version Report, Sprint Report, Sprint Burndown, Epic Report # Control uses auto-complete, single select style # No grouping of select options  (!) Dev Notes (!) Q: Is the frother case-insensitive? A: yes  Q: Does it search on spaces or any single char? A: Spaces no. Any character yes.   Q: What happens when an invalid string is typed in? Can we do other actions? A: No Matches message, if you try to submit an invalid value it should revert to the previous selection  Q: What happens when you search on closed/archived sprints/versions? A: same options show up as we had previously  Q: Can you search as an anonymous user? A: same options show up as we had previously  Q: Is the input XSS-safe? A: yes   Q: How long can the input be? A: no limit, if it doesn't match then we revert to the selection  Q: Are there tests to update? A: Epic and Version Report qunit tests are updated to reflect the changes",-1,1,False,0.7,6.5285351276397705,"REASONING:
Story A involves displaying version information in a list view, which requires handling multiple states of data (e.g., unreleased, released, archived versions) and ensuring proper UI representation (e.g., truncation, color coding). The complexity arises from the need to manage multiple versions associated with an issue, including how to visually represent multiple versions and the logic for determining the primary version. This requires careful consideration of the data structures used to represent issues and versions, as well as potential performance implications when rendering a list with many issues.

In terms of integration requirements, Story A may involve interactions with the JIRA API to fetch version data, which adds complexity in terms of ensuring that the data is accurately represented and updated in the UI. The need to handle edge cases (e.g., long version names, multiple versions) further complicates the implementation.

Testing efforts for Story A will be significant, as it requires unit tests for various scenarios (e.g., single vs. multiple versions), integration tests to ensure the UI correctly reflects the data from JIRA, and performance testing to ensure that rendering the list view remains efficient.

Story B, on the other hand, focuses on improving a dropdown menu for report selection. While it does involve implementing an auto-complete feature, the complexity is primarily UI-focused and does not require extensive backend changes or complex data handling. The integration requirements are minimal, as it appears to rely on existing data structures without significant changes. Testing efforts are also more straightforward, primarily focusing on UI behavior and ensuring that the auto-complete functionality works as expected.

Overall, Story A presents higher technical complexity due to its multifaceted requirements, integration with external systems, and the need for comprehensive testing across various scenarios.

ANSWER: 1",Similar complexity levels,2025-09-03T01:41:15.032123
10,"Bring context menu to work mode
- allow for multiple select (with current limitations)  actions:  - bulk change - open in issue nav - remove from sprint (& show the same warning as elsewhere)  (!) Development Notes (!)  (x) Check Interoperability with other actions on the board (while menu open, try ranking, transition, cog menu, etc)  (x) Check permissions to remove from spint, bulkchange (non-admin, user without delete permission, etc)  (x) Check right-click does not trigger where it shouldn't (issue in done then open detail view)  (x) Scrolling - should disappear when context changes  (x) Stale state - what if an issue was already removed from sprint? (need 2 users)  (x) Check with various board configurations (swimlanes, kanban with releasing)","As a user I want to be able to see the Epic Name as a column in Issue Navigator searches
Currently, using the Epic Link column only shows the epic's issue key.",1,1,True,0.4,8.41898488998413,"REASONING:
Story A involves implementing a context menu with multiple actions, which introduces significant code complexity. The need for multiple selections and various actions (bulk change, open in issue navigator, remove from sprint) requires careful handling of user interactions and state management. The development notes indicate a need to check interoperability with other actions on the board, which adds to the complexity of ensuring that the context menu behaves correctly in various scenarios. Additionally, the need to check permissions for different user roles adds another layer of complexity, as it requires understanding and integrating with the existing permission system.

In terms of integration requirements, Story A may involve interactions with existing board configurations and user permissions, which could necessitate changes to the underlying data structures or logic. The testing effort is also substantial, as it requires unit tests for various actions, integration tests to ensure compatibility with other board features, and possibly performance testing to ensure that the context menu does not degrade the user experience.

On the other hand, Story B is primarily a UI enhancement that involves displaying the Epic Name as a column in the Issue Navigator. While it does require some changes to the database schema to include the Epic Name in search results, the overall complexity is lower. The integration requirements are minimal, as it mainly involves fetching data that is already present in the system. The testing effort is also less intensive, focusing primarily on ensuring that the new column displays correctly and integrates seamlessly with existing search functionality.

Overall, Story A presents a higher technical complexity due to its multifaceted requirements, interactions with existing systems, and extensive testing needs.

ANSWER: 1",Similar complexity levels,2025-09-03T01:41:23.451964
11,"As Patrick, I want to be able to edit details of a version
https://extranet.atlassian.com/display/GHDEV/GHS-7163+Versions+Inline+Edit","As Patrick, I want to see the version assigned to an issue in the list view so I can quickly identify which issues belong to which versions
* Estimate column spacing still honoured * If there is no epic associated, version lozenge will be right-justified next to estimate * All version lozenges use the same colour, which is not a colour available to epics * Truncation assessed by the width (similar to epic lozenges) * What happens when an issue is associated with multiple fix versions through JIRA? ** Show somehow that there's more than one version on the lozenge ** The primary version is the first unreleased version in the sequence * Released versions are displayed * Archived versions are not  (!) Development Notes (!)  Q: What if the version name is very long? A: it's truncated (via CSS - martin to review)  Q: Shouldn't the primary version in a multi-version be the soonest version, rather than the alphabetical one? A: (x) it's currently ordered alphabetically, please talk to Tokes / Tom if you think it should be different  Q: How does this play with the epics / DV being open / closed? A: not affected  Q: How do you remove an issue from a single version if it has multiple? A: you can't remove a fix version at all  Q: What if one of the versions is / has been released? A: it still shows up  Q: What if the version is ""Archived"" in JIRA? A: (x) Not Answered",1,1,True,0.7,8.293629169464111,"REASONING:
Story A focuses on enabling Patrick to edit details of a version. This task likely involves straightforward CRUD (Create, Read, Update, Delete) operations on a version entity, which typically requires basic code complexity. The integration requirements may involve minimal changes to the existing database schema, as it would primarily involve updating existing records rather than creating new relationships or complex data flows. Testing efforts would likely be limited to unit tests for the edit functionality and some basic integration tests, but overall, the complexity is manageable.

In contrast, Story B involves displaying version information in a list view with several specific requirements and conditions. This includes handling multiple versions associated with issues, ensuring proper display and truncation of version names, and managing the display of released and archived versions. The complexity here is significantly higher due to the following factors:

1. **Technical Complexity**: The need to manage multiple versions and their display logic introduces more complex algorithms and data structures. The requirement to show multiple versions and determine the primary version adds additional complexity to the codebase.

2. **Integration Requirements**: Story B may require more extensive integration with the existing issue tracking system to fetch and display the correct version information, especially when dealing with multiple versions and their states (released, archived).

3. **Testing Effort**: The testing requirements for Story B are more extensive. It will require thorough unit tests for various scenarios (e.g., single vs. multiple versions, handling of long version names), integration testing to ensure that the display logic works correctly with the backend, and possibly performance testing to ensure that the UI remains responsive with multiple versions displayed.

4. **Documentation Needs**: The complexity of Story B will also necessitate more comprehensive documentation, including technical specifications for the new display logic, user documentation to explain the new features, and possibly updates to API documentation to reflect changes in how version data is accessed.

Given these considerations, Story B has a higher technical complexity across all dimensions compared to Story A.

ANSWER: -1",Story B significantly more complex,2025-09-03T01:41:31.746468
12,"Promote Release Planning out of labs
COS:  # Remove the advertisement from Getting Started page # Remove labs flags in code ","As a reviewer to be able to review articles and add comments
",-1,-1,True,0.7,6.334479093551636,"REASONING:
Story A involves promoting release planning out of labs, which includes removing an advertisement from the Getting Started page and removing lab flags in the code. This suggests a need for code refactoring and possibly some changes in the user interface. The technical complexity here is relatively low, as it primarily involves straightforward code changes without significant algorithmic complexity or heavy integration with other systems. The removal of flags may involve some testing to ensure that no unintended consequences arise from these changes, but overall, it does not suggest a high level of technical debt or performance concerns.

Story B, on the other hand, involves enabling a reviewer to review articles and add comments. This user story likely requires the implementation of new features, which could involve creating new data structures for comments, integrating with existing article review workflows, and possibly managing user permissions. The complexity here could be higher due to the need for a robust commenting system, which may require additional backend logic, database schema changes to accommodate comments, and ensuring that the feature is scalable to handle multiple users and articles. Additionally, this story may involve more extensive testing efforts, including unit tests for the new functionality, integration tests to ensure that the commenting system works seamlessly with the article review process, and possibly performance testing to ensure that the system can handle a high volume of comments.

In terms of integration requirements, Story B may also involve more dependencies, such as ensuring that the commenting feature interacts correctly with existing article data and possibly external systems if comments need to be shared or displayed elsewhere.

Overall, while Story A involves some code changes, Story B presents a more complex scenario with greater implications for data structures, integration, and testing.

ANSWER: -1",Similar complexity levels,2025-09-03T01:41:38.081769
13,"In order to be able to select report options easily, I want a better control to use
When opening a dropdown menu with a large amount of options, the menu doesn't force the page to scroll.  CoS:  # Four reports are affected: Version Report, Sprint Report, Sprint Burndown, Epic Report # Control uses auto-complete, single select style # No grouping of select options  (!) Dev Notes (!) Q: Is the frother case-insensitive? A: yes  Q: Does it search on spaces or any single char? A: Spaces no. Any character yes.   Q: What happens when an invalid string is typed in? Can we do other actions? A: No Matches message, if you try to submit an invalid value it should revert to the previous selection  Q: What happens when you search on closed/archived sprints/versions? A: same options show up as we had previously  Q: Can you search as an anonymous user? A: same options show up as we had previously  Q: Is the input XSS-safe? A: yes   Q: How long can the input be? A: no limit, if it doesn't match then we revert to the selection  Q: Are there tests to update? A: Epic and Version Report qunit tests are updated to reflect the changes","Change activity stream documentation regarding repository commits
It is not clear in [the documentation for activity stream|https://confluence.atlassian.com/display/JIRA/Adding+the+Activity+Stream+Gadget] which commits from repositories in DVCS accounts are shown.    It seems that only ones with smart commits linking to JIRA issues appear in activity stream.",-1,1,False,0.4,7.374704837799072,"REASONING:
Story A involves the implementation of a new dropdown control with auto-complete functionality, which requires careful consideration of user input handling, including case insensitivity and character matching. This introduces code complexity due to the need for algorithms that efficiently filter and display options without causing page scroll issues. Additionally, the requirement to revert to a previous selection when an invalid input is provided adds to the complexity of the state management within the UI. 

In terms of integration requirements, Story A may necessitate changes to the existing UI components and possibly interactions with the backend to ensure that the dropdown options are fetched and displayed correctly. This could involve API calls to retrieve the relevant report data, which adds another layer of complexity.

Testing efforts for Story A are also significant, as it requires unit tests for the new control, integration tests to ensure that it interacts correctly with existing reports, and performance testing to ensure that the dropdown performs well with a large number of options. Security testing is also necessary to ensure that the input is XSS-safe.

On the other hand, Story B is primarily focused on updating documentation regarding repository commits in the activity stream. While it may require some understanding of how the activity stream interacts with JIRA issues and smart commits, the technical complexity is relatively low. There are no significant code changes, integration requirements, or testing efforts involved beyond ensuring that the documentation accurately reflects the current functionality.

Overall, Story A presents a higher technical complexity across all dimensions compared to Story B.

ANSWER: 1",Similar complexity levels,2025-09-03T01:41:45.457278
14,"As a BTF user, I want to be able to install GH via UPM when creating a project
This is to allow us to launch the UPM and install GH as the current dashboard process does. Further customisation of the process will be dealt with in a further story.  Banner Text: ""Please install GreenHopper""  ","As a writer I want to create multiple articles so that they can be published
",0,1,False,0.7,5.128262758255005,"REASONING:
Story A involves the installation of GreenHopper (GH) via the Universal Plugin Manager (UPM) when creating a project. This requires integration with the UPM system, which may involve complex code patterns and algorithms to ensure that the installation process is seamless and does not disrupt existing workflows. Additionally, there may be technical debt considerations if the current dashboard process is outdated or poorly documented. The performance requirements could also be significant, as the installation process needs to be efficient and scalable to handle multiple users simultaneously.

In contrast, Story B focuses on the creation of multiple articles for publication. While this may involve some level of complexity in terms of content management, it is generally less complex than integrating a new installation process into an existing system. The technical requirements for creating articles are typically straightforward, involving basic CRUD (Create, Read, Update, Delete) operations without the need for complex algorithms or significant performance considerations.

In terms of integration requirements, Story A likely has external system dependencies related to the UPM and possibly other plugins, while Story B is more self-contained and does not require significant external integrations. 

For testing effort, Story A will require thorough unit testing, integration testing with the UPM, and possibly performance testing to ensure that the installation process does not degrade system performance. Story B, while it may require some testing, is less likely to have the same level of complexity in terms of integration and performance testing.

Documentation needs for Story A will also be more extensive, as it will require technical specifications for the installation process, user documentation for the installation steps, and possibly API documentation if there are new endpoints involved. Story B will require documentation but is likely to be less extensive and complex.

Overall, Story A has higher technical complexity across all dimensions compared to Story B.

ANSWER: 1",Similar complexity levels,2025-09-03T01:41:50.586229
15,"As Patrick, I want to be able to delete a version
- allow for a version to be deleted - warn if other issues are assigned to it already - what permissions do we need for that action (TODO: team input here) ","As Patrick, I want to understand the progress towards a version with a single report
- the chart needs to show the complete history of a version (incl scope changes) - it's a burnup chart showing total estimate vs complete estimate, total vs unestimated stories - also display count of unestimated stories - start date is defined as the day when first story from that version was added to the version (to use startDate once we have it) - also display the list of stories split into complete, incomplete, incomplete unestimated (we may want to consider adding full history later on); - each story on the list should display the epic it belongs to  (!) Development Notes (!)  Q: How does the chart look if it has been archived then unarchived again? A: the same  Q: What if an issue is a part of multiple versions? Are there any implications for which version it is displayed in/ permission issues if this issue is in another project our user has no permissions to see? A: it's displayed in all of them if the user has permissions to see it  Q: What if epics are in a version, how are they counted and displayed? A: They are added to the issue count and will show up in the table.  Q: What happens to the chart when the first issue added to the version is deleted/moved/converted? A: it should show issue removed",-1,-1,True,0.7,6.246207237243652,"REASONING:
Story A involves the ability to delete a version, which requires careful consideration of permissions and potential impacts on other issues assigned to that version. The technical complexity here lies primarily in ensuring that the deletion process is safe and does not lead to data integrity issues. This may involve checking for dependencies and managing permissions, but the overall code complexity is relatively straightforward.

Story B, on the other hand, requires the development of a comprehensive reporting feature that includes a burnup chart with multiple data points and historical tracking. This involves significant code complexity, as it requires the implementation of algorithms to calculate and display various metrics, manage state changes (like scope changes), and handle the display of stories in different states (complete, incomplete, unestimated). Additionally, it raises multiple questions about how to handle edge cases, such as archived versions and issues that belong to multiple versions, which adds to the complexity.

In terms of integration requirements, Story B likely necessitates more extensive changes to the database schema to accommodate the historical data and the relationships between stories and versions. It may also require API integrations to fetch and display the necessary data, whereas Story A's integration needs are more limited.

The testing effort for Story B is also expected to be higher due to the need for comprehensive unit tests for the various calculations and states, as well as integration testing to ensure that the data flows correctly from the database to the UI. Performance testing may also be necessary to ensure that the reporting feature can handle large datasets efficiently.

Documentation needs for Story B will be more extensive as well, given the complexity of the feature and the need to explain the various metrics and how they are calculated to users.

Overall, Story B presents a higher technical complexity across all dimensions compared to Story A.

ANSWER: -1",Similar complexity levels,2025-09-03T01:41:56.833305
16,"GH further ADG updates
* *DONE* https://confluence.atlassian.com/display/GH/Configuring+a+Board *PLUS CHILDREN* * *DONE* https://confluence.atlassian.com/display/GH/Creating+a+Board * *POSTPONE UNTIL JIRA 6.0* https://confluence.atlassian.com/display/GH/GreenHopper+Administrator%27s+Guide *(CHILDREN)* * *POSTPONE UNTIL JIRA 6.0*  https://confluence.atlassian.com/display/GH/GreenHopper+Installation+and+Upgrade+Guide","Quick filters should collapse into a ""... Show more"" reveal pattern when they will wrap to more than one line
We should use a pattern similar to the Reveal text pattern from the ADG.    * When there are more Quick Filters than there is horizontal screen space (eg. the screen is not wide enough, and they will wrap), we hide the remaining ones and display a ""... Show more"" link as the last Quick Filter.  * Clicking ""... Show more"" will reveal the rest of the Quick Filters  * ""... Show more"" will now change to say ""Show less"" instead  * The default state for all users is the collapsed state  * Whether the Filters are collapsed or all shown is persistent on a user level  * Reordering the Quick Filters stays the same as it is today  * When the header is collapsed (z on the keyboard), the behaviour stays the same.    ",-1,-1,True,0.8,5.833365201950073,"REASONING:
Story A involves updating documentation related to the GreenHopper (GH) tool, which includes references to configuration and creation of boards. While it may involve some integration with existing documentation systems, the technical complexity is relatively low. There are no significant changes to code, algorithms, or data structures, and it does not appear to involve any performance or scalability concerns. The primary focus is on documentation updates, which typically do not require extensive testing or integration efforts.

Story B, on the other hand, requires a more complex implementation involving UI behavior changes. The requirement to implement a ""Show more"" and ""Show less"" functionality for Quick Filters introduces several technical challenges:
- Code complexity is higher due to the need to manage UI state and interactions, including handling user preferences for collapsed or expanded states.
- There may be performance considerations if many Quick Filters are involved, as the UI must efficiently manage rendering and state changes.
- Integration with existing UI components and ensuring that the new behavior works seamlessly with current functionality adds to the complexity.
- Testing efforts will be more extensive, requiring unit tests for the new functionality, integration tests to ensure compatibility with existing features, and cross-browser testing to ensure consistent behavior across different environments.

In summary, Story B has higher technical complexity due to the need for UI changes, state management, and testing efforts, while Story A is primarily focused on documentation updates with minimal technical challenges.

ANSWER: -1",Similar complexity levels,2025-09-03T01:42:02.667344
17,"As Patrick, I want to be able to create a new version
# Dialog is shown  # fields we need to populate: Project, Name, Description, Release Date  # Single Select (with autocomplete aka Frother) Control for project selection  # Description field - text field  # Apply sensible length limits to these input fields (check what limits JIRA has in place if any or just enforce a limit of 255 chars on the front end)  # create version affordance is only displayed if the user has project admin permissions to at least one project (it is the same as can manage sprint logic)  # Analytics to track usage of dialog  #* Also capture length of version names    (!) Development Notes (!)    Q: XSS safe?  A: (/) yes    Q: What if the version name already exists?  A: (/) We show an error message","As Patrick, I want to choose a colour for a version so I can identify it easier in the backlog
- the general idea is for this to mimic the epic functionality  ",-1,1,False,0.7,7.4061479568481445,"REASONING:
Story A involves multiple components that contribute to its technical complexity. It requires the implementation of a dialog with several input fields, including a project selection control with autocomplete functionality, which adds complexity in terms of both front-end development and user experience. The need to enforce length limits on input fields and ensure XSS safety introduces additional validation logic. Furthermore, the requirement to display the create version affordance based on user permissions adds a layer of conditional logic that must be managed. The analytics tracking for dialog usage and capturing the length of version names also necessitates additional backend work.

In contrast, Story B is primarily focused on a UI enhancement that allows users to select a color for a version. While it may involve some minor adjustments to the UI and possibly a simple integration with existing functionality (mimicking epic functionality), it does not introduce significant changes to the underlying data structures, API integrations, or complex validation logic. The technical requirements for Story B are relatively straightforward and do not involve the same level of complexity as Story A.

In terms of integration requirements, Story A may require changes to the database schema to accommodate the new version data, while Story B likely does not necessitate any significant changes to the existing database structure. Testing efforts for Story A will be more extensive due to the need for unit tests, integration tests, and security testing, whereas Story B will require minimal testing.

Documentation needs for Story A will also be more comprehensive, requiring detailed technical specifications and user documentation, while Story B will likely only need a brief update to existing documentation.

Overall, Story A presents a higher technical complexity across all dimensions compared to Story B.

ANSWER: 1",Similar complexity levels,2025-09-03T01:42:10.074297
18,"As Patrick, I want to be able to filter my backlog to a specific version so I can easily see which stories will be included
* Includes adding ""All issues"" option for versions AND epics  * Includes adding ""Issues without version"" option  * Single version selection  * Selected version for filter should be remembered in the URL  * Epic numbers metadata will not be updated when filtering is active  * If an epic filter is active, and then a version filter is activated which excludes that epic, the epic filter will revert back to ""All issues"" option    (!) Development Notes (!)    Q: So shift or control click do not work for multiple select?  A: (x) Not Answered    Q: What if a quick filter applies a version filter?  A: (x) Not Answered    Q: What if an instant filter is active?  A: (x) Not Answered    Q: Do we want to link the order of versions to the order of issues in the backlog?  A: (x) Not Answered    Q: What if an epic is selected and a version which is empty is selected? Do we still drop all the issues from the filter the same way if issues in the epic aren't in the version?  A: (x) Not Answered    Q: Does the instant filter only filter on the subfiltered issues, or on the entire backlog?  A: (x) Not Answered    Q: What is the hierarchy about how filters are applied now?  A: (x) Not Answered","As Patrick, I want to be able to see a projection of possible end date of a version
This is to be calculated using -an average time spent per completed story point (or any other estimation statistic)- average story points per day in a given release so far, plus optimistic and pessimistic variants by adding or subtracting -one standard deviation- 10% from it. (note this was changed because we already return data for story points completed by date but not time per story, and a standard deviation was too big of a difference in most cases and didn't seem to make sense)    # The projections must be displayed somewhere outside of the chart as well.  # Released versions do not need to show projections.  # Show the intended release date on the chart (midnight end of the date specified).  # Do not show calculations of velocity in the page.  # Take NWD into account with the calculation of mean and SD.  # Tooltips for potential targets show ""type"" (optimistic, pessimistic) and date.  # At least 10% of total estimated work for the Version must be completed before projections are shown.    (!) Development Notes (!)  Q: What if users are using negative story points?  A: If the predicted release date is in the past, we shouldn't display a prediction at all.    Q: What if any of the rates approach infinity?  A: We probably need to discuss with [~jrogers] [~mjopson] [~tkotecki] what is a good point to cut off. At the moment, if the predicted date is infinity, we don't display a prediction. If the most pessimistic date is infinity, we display a flat line and cut the chart off after the predicted date. But as long as it's not infinity, we display it.     Q: What distinguishes a rate that approaches vertical from the scope change events that ARE vertical?  A: (x) Not Answered (Don't really understand this question)    Q: What happens when users change the estimation of their board, or remove it completely?  A: The board will reflect the current estimation.     Q: What if the estimation uses time tracking? Will we calculate deviation in minutes, hours, days? How will this be reflected on the axis?  A: We will calculate units (of estimation) completed per day and use this to project. The axis won't change from what is displayed now: X is time and Y is estimation units.    Q: What if the user is tracking work with Logged Work? Should this rate also be displayed?  A: (x) Not Answered (do you mean time tracking?)    Q: What do we display if a projected line goes significantly into the future before it touches the scope line? Potentially this could be years into the future, but this isn't realistic to display.  A: The chart expands to display the most pessimistic date, unless it's infinity, in which case it expands to show the middle prediction. It could be years.     Q: What happens to the lines if the version has been released?  A: If the version is marked as released or if total scope = total completed scope then we shouldn't display a prediction.     Q: What happens to the lines if the ""predicted"" release date is moved to the past?  A: This should never happen.    Q: What happens if the release date is moved into the future?  A: Marking a version as released is separate from displaying a release date. Regardless of whether a release date is assigned, we will try to predict a date if total scope > completed scope and the version is not marked as released in JIRA.    Q: What if the release date is removed?  A: See above.    Q: What happens to the projected lines if issues are removed from the version (resulting in scope change) or deleted entirely (resulting in chart change without history)?  A: The scope line stays horizontal so if scope is removed then it moves down and in theory the release date should move forward. If the story was completed before it was removed then it's used in the calculation of average points completed per day.",0,1,False,0.7,8.70387601852417,"REASONING:
1. TECHNICAL COMPLEXITY:
   - **Story A**: The filtering functionality involves multiple options and conditions, such as remembering the selected version in the URL, handling various filter states, and ensuring that the epic filter reverts correctly based on the version filter. This requires careful management of state and potentially complex logic to handle the interactions between filters. The need to ensure that epic metadata is not updated during filtering adds another layer of complexity. The unanswered questions indicate potential edge cases that could complicate the implementation further.
   - **Story B**: The projection of possible end dates involves statistical calculations based on story points and velocity, which requires a solid understanding of algorithms for calculating averages and standard deviations. However, the complexity is primarily mathematical rather than involving intricate logic or state management. The integration of these calculations into the existing system may require some adjustments, but the overall complexity appears lower than that of Story A.

2. INTEGRATION REQUIREMENTS:
   - **Story A**: This story may require changes to the existing filtering logic and possibly the database schema to accommodate the new filtering options. However, it does not explicitly mention external system dependencies or API integrations.
   - **Story B**: This story may require integration with existing data sources to fetch story points and velocity metrics, but it does not seem to involve significant changes to the database schema. The calculations are primarily based on existing data, which may reduce integration complexity.

3. TESTING EFFORT:
   - **Story A**: The complexity of the filtering logic means that extensive unit and integration testing will be required to ensure all filter states and interactions work as intended. The potential for various edge cases (as indicated by the unanswered questions) suggests a higher testing effort.
   - **Story B**: While testing will still be necessary, particularly for the statistical calculations and their integration into the UI, the testing effort may be more straightforward since it primarily involves validating the calculations and ensuring they display correctly.

4. DOCUMENTATION NEEDS:
   - **Story A**: Given the complexity of the filtering logic and the various states involved, comprehensive technical specifications and user documentation will be necessary to guide users on how to use the new filtering options effectively.
   - **Story B**: Documentation will be needed for the statistical calculations and how they are presented, but the requirements seem less extensive compared to Story A.

Overall, Story A presents a higher level of technical complexity due to its intricate filtering logic, potential state management issues, and the need for comprehensive testing and documentation. Story B, while involving statistical calculations, does not reach the same level of complexity.

ANSWER: 1",Story A significantly more complex,2025-09-03T01:42:18.779172
19,"As Patrick, I want to see list of versions when I'm looking at the backlog
Considered versions: - versions which are BOTH: -- part of projects included in the board, AND -- unreleased -- not archived  Ordering: - version sequence for versions within the same project (oldest first) - overall projects are ordered by project name  Display: - version name along with project key (name on mouse hover) -- version name wraps around project key, if one or both are long - if the board only has one project, omit project name  If there are no release versions you get an empty column. In the filters story we'll add an ""all releases"" button so it doesn't look so empty.  (!) Development Notes (!)  Q: What if there are duplicate version names? A: They look the same.   Q: What if the version names are long? A: They wrap.   Q: What if a version has been renamed / deleted in the system? A: It doesn't show up (archived versions dont' show up).  Q: When reordering versions, are they bound to their container? A: The order can't be changed on this page.   Q: What can I edit about the versions? A: Nothing. Nada. Rien. Nope.  Q: What does the detail view display if a version is selected but no issues are selected? A: There is no selection of a version yet, that's part of the filter story.   Q: What if the fixVersions field doesn't exist? A: (x) Not Answered  Q: Is there a way to select another version field to be displayed here? A: (x) Not Answered  Q: What if the version is ""Archived"" in JIRA? A: It isn't included in the list. ","Autocomplete for Epic Link in JQL
As Patrick, I want to be able to see autocomplete when querying Epic Link in JQL so that it's easy to write queries without making spelling mistakes.",1,1,True,0.7,7.063381671905518,"REASONING:
Story A involves displaying a list of versions based on specific criteria, which requires handling multiple conditions for filtering, ordering, and displaying data. The complexity arises from the need to manage the relationships between projects and versions, ensuring that only unreleased and non-archived versions are shown. Additionally, the requirement to handle long names and duplicates adds to the code complexity. The implementation may also involve considerations for performance, especially if there are many projects and versions to process.

In terms of integration requirements, Story A may require querying a database to fetch the relevant versions, which could involve complex SQL queries or ORM interactions. There may also be a need to ensure that the data is up-to-date and consistent with the current state of the projects.

Testing efforts for Story A are likely to be significant, as it will require unit tests for the filtering and ordering logic, integration tests to ensure the data is correctly fetched and displayed, and possibly performance testing if the dataset is large. Cross-browser testing may also be necessary to ensure the UI behaves consistently across different environments.

Story B, on the other hand, focuses on implementing an autocomplete feature for the Epic Link in JQL. While it does involve some level of complexity, such as ensuring that the autocomplete suggestions are accurate and responsive, it is primarily a UI enhancement. The technical complexity is lower because it likely involves simpler data retrieval and display logic compared to the filtering and ordering requirements of Story A.

Integration requirements for Story B may involve querying a database or an API to fetch the list of epics, but this is generally less complex than the requirements for Story A. The testing effort for Story B would primarily focus on ensuring the autocomplete functionality works correctly, which is less extensive than the testing needed for Story A.

In summary, Story A has higher technical complexity due to its intricate filtering and ordering logic, potential performance considerations, and more extensive testing requirements.

ANSWER: 1",Similar complexity levels,2025-09-03T01:42:25.843553
20,"As Patrick, I want to see the version assigned to an issue in the list view so I can quickly identify which issues belong to which versions
* Estimate column spacing still honoured * If there is no epic associated, version lozenge will be right-justified next to estimate * All version lozenges use the same colour, which is not a colour available to epics * Truncation assessed by the width (similar to epic lozenges) * What happens when an issue is associated with multiple fix versions through JIRA? ** Show somehow that there's more than one version on the lozenge ** The primary version is the first unreleased version in the sequence * Released versions are displayed * Archived versions are not  (!) Development Notes (!)  Q: What if the version name is very long? A: it's truncated (via CSS - martin to review)  Q: Shouldn't the primary version in a multi-version be the soonest version, rather than the alphabetical one? A: (x) it's currently ordered alphabetically, please talk to Tokes / Tom if you think it should be different  Q: How does this play with the epics / DV being open / closed? A: not affected  Q: How do you remove an issue from a single version if it has multiple? A: you can't remove a fix version at all  Q: What if one of the versions is / has been released? A: it still shows up  Q: What if the version is ""Archived"" in JIRA? A: (x) Not Answered","As Patrick, I want to understand the progress towards a version with a single report
- the chart needs to show the complete history of a version (incl scope changes) - it's a burnup chart showing total estimate vs complete estimate, total vs unestimated stories - also display count of unestimated stories - start date is defined as the day when first story from that version was added to the version (to use startDate once we have it) - also display the list of stories split into complete, incomplete, incomplete unestimated (we may want to consider adding full history later on); - each story on the list should display the epic it belongs to  (!) Development Notes (!)  Q: How does the chart look if it has been archived then unarchived again? A: the same  Q: What if an issue is a part of multiple versions? Are there any implications for which version it is displayed in/ permission issues if this issue is in another project our user has no permissions to see? A: it's displayed in all of them if the user has permissions to see it  Q: What if epics are in a version, how are they counted and displayed? A: They are added to the issue count and will show up in the table.  Q: What happens to the chart when the first issue added to the version is deleted/moved/converted? A: it should show issue removed",-1,1,False,0.4,6.911853790283203,"REASONING:
1. TECHNICAL COMPLEXITY:
   - **Story A** involves displaying version information in a list view, which requires handling multiple states of version associations (e.g., multiple fix versions, released, archived). The complexity arises from the need to manage how these versions are displayed, including truncation and color coding, which may involve CSS and UI logic. However, the underlying data structure and algorithms are relatively straightforward.
   - **Story B** requires the implementation of a burnup chart that tracks the progress of a version over time, including scope changes and various states of stories (complete, incomplete, unestimated). This involves more complex data manipulation and visualization logic, as well as maintaining historical data. The need to calculate and display various metrics adds to the complexity significantly.

2. INTEGRATION REQUIREMENTS:
   - **Story A** does not explicitly mention any external system dependencies or API integrations, focusing primarily on the UI aspect of displaying data.
   - **Story B** may require integration with existing reporting tools or libraries for charting, and it also needs to handle data from multiple versions and their associated stories, which could involve more complex data flows and potential schema changes.

3. TESTING EFFORT:
   - **Story A** will require unit tests for the UI components and some integration tests to ensure the correct display of version information. However, the testing scope is limited to the UI.
   - **Story B** will require extensive testing, including unit tests for the chart logic, integration tests for data accuracy, and performance testing to ensure the chart can handle large datasets efficiently. Additionally, cross-platform/browser testing will be necessary to ensure the chart displays correctly across different environments.

4. DOCUMENTATION NEEDS:
   - **Story A** will require basic documentation for the UI changes, but it is relatively straightforward.
   - **Story B** will need comprehensive documentation, including technical specifications for the charting logic, user documentation for interpreting the burnup chart, and possibly API documentation if new endpoints are created for data retrieval.

Overall, Story B presents a higher level of technical complexity due to the intricate data handling, visualization requirements, and extensive testing and documentation needs.

ANSWER: -1",Story A significantly more complex,2025-09-03T01:42:32.756054
