issuekey_A,issuekey_B,predicted_decision,actual_decision
TIMOB-8075,XD-2574,1,-1
TIMOB-559,DM-5940,-1,-1
TIMOB-684,DM-1137,-1,-1
TIMOB-1097,TDQ-10840,1,1
TIMOB-1242,TDQ-8554,1,1
TIMOB-1800,DM-6198,-1,-1
TIMOB-1872,TISTUD-7912,-1,-1
TIMOB-1902,MDL-40061,1,-1
TIMOB-2017,USERGRID-1046,-1,-1
TIMOB-2099,TDQ-5211,1,-1
TIMOB-2122,MULE-8019,1,-1
TIMOB-2209,MESOS-4570,1,1
TIMOB-2231,DURACLOUD-897,1,1
TIMOB-2363,TISTUD-3456,1,-1
TIMOB-2484,USERGRID-727,-1,-1
TIMOB-2527,JSW-6152,-1,1
TIMOB-2646,DM-685,1,-1
TIMOB-2653,DURACLOUD-193,1,1
TIMOB-2662,DM-2808,1,-1
TIMOB-2705,XD-1496,1,-1
TIMOB-2733,XD-1328,-1,-1
TIMOB-2760,DM-5787,-1,1
TIMOB-2782,MULE-7123,-1,1
TIMOB-2801,DM-4095,1,1
TIMOB-2908,TISTUD-6920,-1,-1
TIMOB-3162,TISTUD-5972,1,-1
TIMOB-3180,STUDIO-3882,1,-1
TIMOB-3186,TISTUD-3039,1,-1
TIMOB-3286,APSTUD-7579,1,-1
TIMOB-3432,MULE-7401,-1,-1
TIMOB-3541,BAM-7081,1,1
TIMOB-3569,XD-1002,-1,-1
TIMOB-3588,MESOS-3044,-1,-1
TIMOB-3594,TISTUD-5472,1,-1
TIMOB-4063,XD-1601,-1,-1
TIMOB-4162,MESOS-2874,1,1
TIMOB-4244,DM-2163,-1,-1
TIMOB-4274,MESOS-5582,-1,1
TIMOB-4388,TISTUD-2345,-1,-1
TIMOB-4644,DM-2873,-1,-1
TIMOB-4510,DM-5988,1,-1
TIMOB-4521,DM-1696,1,-1
TIMOB-4730,XD-1685,1,-1
TIMOB-4800,MULE-7338,-1,1
TIMOB-4865,TISTUD-1590,1,-1
TIMOB-5010,TISTUD-5408,-1,-1
TIMOB-5303,TISTUD-5594,1,-1
TIMOB-5162,MDL-44756,1,1
TIMOB-5233,MDL-40921,-1,-1
TIMOB-5438,TISTUD-2136,1,-1
TIMOB-5749,DURACLOUD-96,1,1
TIMOB-5769,DM-4049,1,1
TIMOB-5812,DM-2781,1,1
TIMOB-5823,TISTUD-5777,1,1
TIMOB-5799,MESOS-3880,1,-1
TIMOB-5817,DM-6801,1,-1
TIMOB-6922,XD-1000,-1,-1
TIMOB-5837,TISTUD-2605,-1,-1
TIMOB-5989,JSW-5543,1,-1
TIMOB-6038,APSTUD-4228,1,-1
TIMOB-6060,DM-4780,1,1
TIMOB-6860,XD-911,1,1
TIMOB-6245,TISTUD-5676,1,-1
TIMOB-6292,DM-1607,1,1
TIMOB-6423,TISTUD-3106,-1,-1
TIMOB-6493,XD-492,1,1
TIMOB-6500,TISTUD-1003,1,-1
TIMOB-6666,TESB-15629,-1,1
TIMOB-6845,XD-1302,1,-1
TIMOB-7124,TDQ-8548,-1,-1
TIMOB-7143,XD-293,1,-1
TIMOB-7152,XD-586,1,-1
TIMOB-7233,TISTUD-4314,1,-1
TIMOB-7246,XD-1912,1,1
TIMOB-7249,TISTUD-2237,1,-1
TIMOB-7259,XD-3524,1,-1
TIMOB-7301,TESB-1306,-1,1
TIMOB-7333,DM-3607,1,-1
TIMOB-7334,STUDIO-4743,1,-1
TIMOB-7664,MDL-41833,-1,1
TIMOB-7365,TISTUD-1525,-1,-1
TIMOB-7391,XD-1371,1,-1
TIMOB-7393,DM-5897,1,-1
TIMOB-7412,XD-656,1,-1
TIMOB-7421,MDL-47253,1,-1
TIMOB-7424,USERGRID-585,1,-1
TIMOB-7458,MESOS-2127,1,-1
TIMOB-7467,XD-2065,1,1
TIMOB-7486,DM-367,1,-1
TIMOB-7536,DM-4348,-1,-1
TIMOB-7559,DM-3506,1,-1
TIMOB-8472,DM-2976,1,-1
TIMOB-7584,TISTUD-1272,1,-1
TIMOB-7586,DM-2839,1,-1
TIMOB-8346,STUDIO-3085,1,-1
TIMOB-7607,USERGRID-876,1,-1
TIMOB-8100,MDL-41200,1,-1
TIMOB-8326,MDL-51942,1,1
TIMOB-7624,TISTUD-2594,-1,-1
TIMOB-7627,TISTUD-5462,1,-1
TIMOB-7642,USERGRID-1209,1,1
TIMOB-7643,MDL-40045,1,-1
TIMOB-7644,TISTUD-3067,1,-1
TIMOB-7652,XD-896,1,-1
TIMOB-7657,DM-2152,1,-1
TIMOB-7660,TDQ-9001,1,-1
TIMOB-7659,TESB-10398,-1,-1
TIMOB-7661,STUDIO-2751,-1,-1
TIMOB-7700,BAM-5140,1,-1
TIMOB-8293,DM-5363,-1,-1
TIMOB-7806,DM-4731,1,-1
TIMOB-7816,XD-871,-1,-1
TIMOB-7833,XD-2044,-1,-1
TIMOB-7862,DM-1333,-1,-1
TIMOB-7865,TDQ-5962,1,-1
TIMOB-8486,MULE-7760,1,-1
TIMOB-7897,JSW-8974,-1,-1
TIMOB-7948,XD-683,1,-1
TIMOB-7967,STUDIO-6773,-1,-1
TIMOB-7968,TISTUD-1393,1,-1
TIMOB-8077,DM-5418,-1,-1
TIMOB-8048,USERGRID-16,-1,-1
TIMOB-8505,TISTUD-7482,1,-1
TIMOB-8066,XD-3577,-1,-1
TIMOB-8076,MULE-8541,1,1
TIMOB-8094,MULE-8798,1,1
TIMOB-8113,DM-1894,-1,-1
TIMOB-8127,TISTUD-769,1,-1
TIMOB-8136,DM-624,1,-1
TIMOB-8172,DM-3484,1,1
TIMOB-8173,XD-589,1,1
TIMOB-8185,TESB-11138,1,1
TIMOB-8186,MULE-8493,1,-1
TIMOB-8200,TISTUD-5039,1,-1
TIMOB-8241,MDL-43137,-1,1
TIMOB-8243,TISTUD-1481,1,-1
TIMOB-8301,MDL-53188,1,1
TIMOB-8303,MDL-54847,1,-1
TIMOB-8306,MESOS-2926,1,1
TIMOB-8308,TISTUD-1836,1,-1
TIMOB-8314,DM-6444,1,1
TIMOB-8362,TISTUD-7449,1,-1
TIMOB-8332,XD-1693,1,-1
TIMOB-8342,DM-1085,1,-1
TIMOB-8368,TISTUD-4631,1,-1
TIMOB-8383,DM-862,-1,-1
TIMOB-8414,DM-2657,1,-1
TIMOB-8417,DM-3095,-1,-1
TIMOB-8418,TESB-205,-1,-1
TIMOB-9153,BAM-5519,1,-1
TIMOB-8425,XD-2438,1,-1
TIMOB-8431,DM-6007,1,-1
TIMOB-8437,DM-3879,1,-1
TIMOB-8439,TISTUD-504,1,-1
TIMOB-8455,DM-5532,-1,-1
TIMOB-8459,STUDIO-4313,1,-1
TIMOB-8465,STUDIO-3391,1,-1
TIMOB-8470,XD-2566,-1,-1
TIMOB-8484,DURACLOUD-903,1,1
TIMOB-8492,DURACLOUD-66,1,1
TIMOB-8513,TDQ-6687,1,1
TIMOB-8621,TISTUD-4640,1,-1
TIMOB-8515,DM-1316,-1,1
TIMOB-8549,XD-61,1,-1
TIMOB-8558,TDQ-8615,1,-1
TIMOB-8562,MULE-7673,1,-1
TIMOB-8563,DM-3593,-1,-1
TIMOB-8564,DM-5837,1,1
TIMOB-8565,DM-6238,1,-1
TIMOB-8566,TESB-14447,1,1
TIMOB-8567,MESOS-3225,1,1
TIMOB-8568,DM-2477,-1,-1
TIMOB-8569,DM-6224,-1,-1
TIMOB-8570,XD-2969,-1,1
TIMOB-8572,XD-2479,-1,1
TIMOB-8573,TDQ-4995,-1,-1
TIMOB-8574,MESOS-2613,1,1
TIMOB-8576,TISTUD-7097,-1,-1
TIMOB-8577,DM-5200,-1,1
TIMOB-8579,DM-2814,-1,-1
TIMOB-8580,TISTUD-6857,1,1
TIMOB-8582,XD-2251,1,1
TIMOB-8583,DM-6875,-1,1
TIMOB-8585,XD-1471,-1,1
TIMOB-8587,APSTUD-4614,-1,-1
TIMOB-8589,APSTUD-4515,1,1
TIMOB-8591,JSW-1271,1,1
TIMOB-8592,BAM-4806,-1,1
TIMOB-8593,DURACLOUD-745,-1,1
TIMOB-8594,DM-2337,1,1
TIMOB-8597,TISTUD-7477,-1,1
TIMOB-8598,TISTUD-6933,-1,-1
TIMOB-8602,XD-1865,1,1
TIMOB-8610,MULE-7899,1,-1
TIMOB-8653,XD-541,1,1
TIMOB-8658,USERGRID-449,-1,-1
TIMOB-8662,DM-763,1,-1
TIMOB-8665,XD-2615,1,-1
TIMOB-8680,TDQ-4993,1,1
TIMOB-8681,XD-3437,1,-1
TIMOB-8710,DM-4464,-1,-1
TIMOB-8714,XD-2376,-1,-1
TIMOB-8718,TESB-11603,1,1
TIMOB-8721,XD-49,1,1
TIMOB-8730,TISTUD-4639,1,-1
TIMOB-8743,MESOS-3722,1,-1
TIMOB-8745,BAM-3685,-1,-1
TIMOB-8772,XD-2489,1,-1
TIMOB-8775,DURACLOUD-988,1,-1
TIMOB-8784,MESOS-4760,-1,1
TIMOB-8785,TISTUD-5369,1,1
TIMOB-8788,JSW-5619,-1,1
TIMOB-8800,USERGRID-568,1,-1
TIMOB-8809,APSTUD-4224,1,1
TIMOB-8810,USERGRID-914,1,1
TIMOB-8811,MULE-8257,-1,-1
TIMOB-8812,TDQ-3298,1,1
TIMOB-8813,MULE-7870,-1,-1
TIMOB-8815,DM-4416,1,1
TIMOB-8820,MESOS-4860,-1,1
TIMOB-8821,TDQ-12208,-1,1
TIMOB-8824,DM-531,-1,1
TIMOB-8825,STUDIO-3445,-1,1
TIMOB-8826,TESB-5091,-1,1
TIMOB-8830,XD-1447,-1,1
TIMOB-8831,DM-2420,1,1
TIMOB-8832,DM-2050,-1,-1
TIMOB-8833,MESOS-3425,-1,1
TIMOB-8834,DM-4451,-1,-1
TIMOB-8835,CLOV-1462,1,1
TIMOB-8836,STUDIO-6872,1,-1
TIMOB-8837,TISTUD-3097,-1,1
TIMOB-8838,TISTUD-5079,-1,1
TIMOB-8839,DM-6189,1,1
TIMOB-8840,DURACLOUD-890,1,1
TIMOB-8841,DM-6869,1,1
TIMOB-8842,TDQ-3470,-1,1
TIMOB-8843,TISTUD-1626,1,1
TIMOB-8844,APSTUD-4652,-1,-1
TIMOB-8851,MDL-40769,1,-1
TIMOB-8852,MESOS-3585,-1,1
TIMOB-8870,TDQ-5105,1,1
TIMOB-8897,APSTUD-4479,1,1
TIMOB-8925,TESB-15460,1,1
TIMOB-8926,DURACLOUD-365,1,1
TIMOB-8983,TESB-5344,-1,1
TIMOB-8996,MESOS-2205,1,1
TIMOB-9102,DM-4511,1,1
TIMOB-9028,XD-3308,1,1
TIMOB-9037,TISTUD-6196,1,1
TIMOB-9092,MESOS-4353,-1,1
TIMOB-9111,DM-3823,1,-1
TIMOB-9139,DM-6974,-1,1
TIMOB-9142,DM-2587,1,-1
TIMOB-9143,DM-6962,1,-1
TIMOB-9144,TDQ-616,1,1
TIMOB-9158,XD-2997,1,-1
TIMOB-9164,DM-3456,-1,1
TIMOB-9202,DM-4771,1,1
TIMOB-9203,DM-1726,1,-1
TIMOB-9204,TDQ-5803,-1,-1
TIMOB-9219,CLOV-1409,-1,1
TIMOB-9286,XD-3429,-1,1
TIMOB-9291,DM-4837,-1,1
TIMOB-9293,USERGRID-1018,-1,1
TIMOB-9306,DM-2648,1,1
TIMOB-9309,XD-1988,-1,1
TIMOB-9369,DM-1981,-1,-1
TIMOB-9378,BAM-10355,1,-1
TIMOB-9398,DURACLOUD-894,1,1
TIMOB-9403,TISTUD-5774,1,-1
TIMOB-9454,DM-6843,1,1
TIMOB-9481,XD-1323,1,-1
TIMOB-9539,TISTUD-5754,1,1
TIMOB-9542,DM-5452,1,1
TIMOB-9543,XD-776,1,1
TIMOB-9552,USERGRID-1027,1,1
TIMOB-9604,DM-6189,-1,1
TIMOB-9605,MESOS-5404,1,1
TIMOB-9658,DM-3978,1,1
TIMOB-9665,MULE-7097,-1,-1
TIMOB-9682,DM-1603,-1,1
TIMOB-9685,USERGRID-457,-1,1
TIMOB-9788,DM-1736,1,1
TIMOB-9830,STUDIO-6179,-1,-1
TIMOB-9840,MDL-41316,1,1
TIMOB-9859,XD-2122,-1,-1
TIMOB-9897,MDL-52690,-1,1
TIMOB-9916,DM-6262,-1,1
TIMOB-9930,XD-949,1,-1
TIMOB-9933,XD-2807,-1,-1
TIMOB-9950,XD-2055,-1,-1
TIMOB-9953,APSTUD-5020,1,-1
TIMOB-9971,DM-197,1,1
TIMOB-9972,MESOS-3088,1,1
TIMOB-10025,DM-2647,1,1
TIMOB-10059,DM-2743,1,1
TIMOB-10224,XD-858,1,1
TIMOB-10233,DM-5370,-1,1
TIMOB-10257,XD-2641,1,1
TIMOB-10264,CLOV-1429,1,1
TIMOB-10266,DM-4395,1,1
TIMOB-10269,XD-2128,-1,1
TIMOB-10270,XD-469,-1,1
TIMOB-10271,TESB-6311,-1,1
TIMOB-10272,DM-1449,1,1
TIMOB-10275,MESOS-4452,1,1
TIMOB-10299,DM-5632,-1,-1
TIMOB-10305,XD-501,1,1
TIMOB-10307,XD-595,1,1
TIMOB-10345,MESOS-1586,-1,1
TIMOB-10371,MDL-30431,-1,-1
TIMOB-10442,DM-4449,1,-1
TIMOB-10534,DM-1111,-1,-1
TIMOB-10468,XD-3233,-1,-1
TIMOB-10713,DM-4710,1,-1
TIMOB-10717,MESOS-4933,-1,-1
TIMOB-10748,XD-179,1,1
TIMOB-10763,USERGRID-950,-1,1
TIMOB-10778,MDL-40913,-1,-1
TIMOB-10800,XD-1687,1,1
TIMOB-10814,TESB-486,1,-1
TIMOB-10820,DM-5821,1,1
TIMOB-11373,CLOV-1151,-1,1
TIMOB-10849,DM-4070,1,1
TIMOB-10869,TISTUD-1204,1,-1
TIMOB-10870,MULE-7772,1,1
TIMOB-10872,TISTUD-4678,1,1
TIMOB-10873,DM-4760,-1,1
TIMOB-10875,XD-987,-1,1
TIMOB-10876,MDL-38228,-1,-1
TIMOB-10877,XD-109,1,1
TIMOB-10878,TDQ-4999,1,1
TIMOB-10919,MULE-7316,1,-1
TIMOB-11093,CLOV-1661,1,1
TIMOB-11172,XD-726,1,-1
TIMOB-11188,TISTUD-7661,1,-1
TIMOB-11628,DM-587,-1,1
TIMOB-14008,TISTUD-4494,1,1
TIMOB-11603,STUDIO-618,1,-1
TIMOB-11637,TISTUD-6597,1,1
TIMOB-11769,DURACLOUD-742,-1,1
TIMOB-11686,DM-593,-1,1
TIMOB-11700,DM-5160,-1,1
TIMOB-12646,DM-2353,1,-1
TIMOB-11867,TDQ-5782,1,1
TIMOB-11932,USERGRID-1005,1,1
TIMOB-11943,TISTUD-7611,1,-1
TIMOB-12246,TISTUD-1886,1,-1
TIMOB-13401,TISTUD-143,1,1
TIMOB-12034,XD-2798,1,1
TIMOB-13392,DM-4192,1,1
TIMOB-12848,APSTUD-4838,1,1
TIMOB-12116,DM-2014,1,1
TIMOB-13398,MDL-41082,-1,-1
TIMOB-12169,DURACLOUD-986,1,1
TIMOB-12457,MDL-42894,1,-1
TIMOB-12223,STUDIO-4818,-1,1
TIMOB-12225,STUDIO-3617,-1,1
TIMOB-12226,XD-853,1,1
TIMOB-12227,MESOS-3938,-1,1
TIMOB-12228,TISTUD-6424,-1,1
TIMOB-12230,TISTUD-1720,-1,1
TIMOB-12233,MESOS-3570,-1,1
TIMOB-12235,DM-6749,1,1
TIMOB-12236,USERGRID-179,1,1
TIMOB-12237,DM-5318,1,1
TIMOB-12238,DM-2511,1,1
TIMOB-12239,TISTUD-5386,1,1
TIMOB-12280,XD-3453,-1,1
TIMOB-12372,APSTUD-3130,1,-1
TIMOB-12409,TESB-6926,-1,1
TIMOB-12410,MDL-43864,1,1
TIMOB-12411,XD-3602,-1,1
TIMOB-12516,TISTUD-2263,-1,1
TIMOB-12600,TISTUD-6443,-1,-1
TIMOB-12604,DM-4083,1,-1
TIMOB-12661,XD-2071,1,1
TIMOB-12764,TISTUD-775,1,1
TIMOB-12765,MESOS-5559,1,1
TIMOB-12960,DM-1769,-1,-1
TIMOB-13190,TESB-5763,1,1
TIMOB-13254,TDQ-10022,1,1
TIMOB-13364,DM-5720,1,1
TIMOB-13520,TISTUD-7784,-1,1
TIMOB-13545,DM-5343,1,1
TIMOB-13582,DM-2461,1,-1
TIMOB-14762,DM-6733,1,1
TIMOB-13656,TISTUD-2871,-1,-1
TIMOB-13862,TISTUD-3187,-1,-1
TIMOB-13890,APSTUD-4166,1,-1
TIMOB-13892,STUDIO-3642,1,1
TIMOB-13914,MESOS-5445,1,1
TIMOB-13922,STUDIO-6005,-1,-1
TIMOB-13974,TISTUD-6,1,1
TIMOB-13986,DM-4842,1,1
TIMOB-14003,DM-2216,1,-1
TIMOB-13999,MULE-7320,-1,1
TIMOB-14123,TISTUD-5418,1,1
TIMOB-14194,CLOV-1261,1,1
TIMOB-14178,TDQ-11469,1,1
TIMOB-14242,TDQ-11886,-1,1
TIMOB-14241,STUDIO-4191,1,1
TIMOB-14262,DM-2782,-1,1
TIMOB-14267,DM-6684,1,1
TIMOB-14285,XD-3188,1,1
TIMOB-14382,MDL-40722,1,-1
TIMOB-14393,DURACLOUD-1046,1,1
TIMOB-14425,DM-2720,1,1
TIMOB-15247,TISTUD-3020,1,-1
TIMOB-14494,DM-5886,-1,-1
TIMOB-14496,MESOS-2984,1,1
TIMOB-14544,APSTUD-5655,1,1
TIMOB-14582,TDQ-8067,-1,1
TIMOB-14637,MESOS-4382,1,1
TIMOB-14652,TISTUD-6352,1,-1
TIMOB-14743,DM-895,1,1
TIMOB-14699,XD-3198,-1,1
TIMOB-14701,MULE-9160,1,-1
TIMOB-14740,DM-3506,-1,-1
TIMOB-14735,STUDIO-2636,1,-1
TIMOB-14780,XD-2364,1,1
TIMOB-14784,XD-470,1,1
TIMOB-14785,DM-7024,1,1
TIMOB-14786,MULE-7411,1,1
TIMOB-14787,XD-298,1,1
TIMOB-14799,DM-1233,-1,-1
TIMOB-14806,DM-1544,1,-1
TIMOB-14836,XD-3743,1,1
TIMOB-15732,TISTUD-357,-1,-1
TIMOB-14899,MESOS-2466,1,1
TIMOB-14963,DM-4342,1,-1
TIMOB-14931,MDL-42276,-1,-1
TIMOB-14933,DM-6217,1,-1
TIMOB-15253,JSW-4862,1,1
TIMOB-14973,TESB-5328,1,1
TIMOB-14974,TESB-3687,1,1
TIMOB-14976,XD-644,1,1
TIMOB-14977,MULE-7710,1,1
TIMOB-14978,MESOS-4435,1,1
TIMOB-14979,MESOS-3299,1,1
TIMOB-14980,XD-1953,1,1
TIMOB-14981,DM-2463,-1,-1
TIMOB-14982,DM-4821,1,1
TIMOB-14990,USERGRID-728,1,1
TIMOB-14991,XD-1181,1,1
TIMOB-15009,TISTUD-4373,1,1
TIMOB-15104,DM-4243,1,1
TIMOB-15118,XD-2553,1,1
TIMOB-15705,DM-5935,1,1
TIMOB-15181,TESB-11450,-1,1
TIMOB-15287,MESOS-4479,-1,1
TIMOB-15339,XD-2122,1,1
TIMOB-15483,STUDIO-4338,-1,-1
TIMOB-15468,TDQ-5382,1,1
TIMOB-15710,CLOV-1951,-1,1
TIMOB-15443,DM-6558,1,1
TIMOB-15448,MULE-8069,1,1
TIMOB-15519,XD-1159,1,-1
TIMOB-15534,MESOS-5753,-1,-1
TIMOB-15560,XD-1036,1,-1
TIMOB-15570,DM-3037,1,1
TIMOB-15612,MULE-7594,1,1
TIMOB-15596,DM-512,1,1
TIMOB-16258,MESOS-4329,1,1
TIMOB-15703,MULE-9221,1,1
TIMOB-15765,XD-2499,1,1
TIMOB-15747,TESB-15317,1,1
TIMOB-15871,DM-6952,1,-1
TIMOB-15872,DURACLOUD-518,1,1
TIMOB-15716,DM-4744,1,1
TIMOB-15718,APSTUD-3776,1,-1
TIMOB-15800,JSW-3104,-1,1
TIMOB-15805,XD-1778,1,1
TIMOB-15812,XD-1668,1,-1
TIMOB-15967,XD-1662,1,1
TIMOB-15969,MULE-7424,1,1
TIMOB-15983,STUDIO-4734,1,1
TIMOB-15998,TISTUD-434,1,1
TIMOB-16115,TISTUD-339,1,1
TIMOB-16078,MULE-7390,1,1
TIMOB-16077,MESOS-2104,1,1
TIMOB-16121,DM-1774,1,1
TIMOB-16185,XD-1628,-1,-1
TIMOB-16240,XD-2229,1,1
TIMOB-16218,XD-1944,-1,1
TIMOB-16244,MULE-7903,1,1
TIMOB-16270,TISTUD-7289,1,-1
TIMOB-16426,TESB-10954,1,1
TIMOB-20527,APSTUD-4228,1,1
TIMOB-16355,TISTUD-406,1,1
TIMOB-16380,MDL-35934,1,-1
TIMOB-16385,APSTUD-7449,1,1
TIMOB-16432,TISTUD-7652,1,-1
TIMOB-16450,APSTUD-7272,1,1
TIMOB-16452,MDL-46821,1,-1
TIMOB-16471,DM-4880,-1,-1
TIMOB-16488,STUDIO-3362,-1,1
TIMOB-16512,MDL-41870,-1,1
TIMOB-16493,MESOS-3573,-1,-1
TIMOB-16496,TISTUD-4077,-1,1
TIMOB-16494,DM-1660,1,1
TIMOB-18072,TISTUD-7462,1,1
TIMOB-16607,DM-1072,-1,1
TIMOB-16562,DM-6409,1,-1
TIMOB-16593,XD-3156,-1,1
TIMOB-16597,TESB-4913,-1,1
TIMOB-16619,USERGRID-589,-1,1
TIMOB-16669,XD-18,1,1
TIMOB-16680,DM-2990,1,-1
TIMOB-16697,MESOS-5609,1,1
TIMOB-16741,XD-582,1,1
TIMOB-16838,STUDIO-5385,-1,-1
TIMOB-17143,DM-5336,1,1
TIMOB-16879,APSTUD-7848,1,-1
TIMOB-16878,MESOS-5254,-1,1
TIMOB-16911,MULE-7203,1,1
TIMOB-16882,MESOS-3863,-1,1
TIMOB-16909,APSTUD-4080,1,1
TIMOB-16941,TESB-5157,1,1
TIMOB-16938,DM-3421,1,1
TIMOB-16946,TDQ-5568,1,1
TIMOB-16985,XD-825,-1,1
TIMOB-17001,MESOS-3909,1,1
TIMOB-17145,TESB-5236,1,1
TIMOB-17141,DM-3901,1,-1
TIMOB-17048,TDQ-5394,1,-1
TIMOB-17260,DM-4583,1,1
TIMOB-17053,MESOS-2956,-1,1
TIMOB-17085,TISTUD-7780,-1,1
TIMOB-17197,TISTUD-1815,1,1
TIMOB-17480,TISTUD-5691,-1,1
TIMOB-17193,TISTUD-2169,1,-1
TIMOB-17199,CLOV-1446,1,1
TIMOB-17203,TESB-7139,-1,1
TIMOB-17208,DM-3448,-1,-1
TIMOB-17211,TISTUD-321,1,1
TIMOB-17219,TISTUD-2291,1,1
TIMOB-17462,XD-368,-1,1
TIMOB-17238,DM-3623,1,1
TIMOB-17564,DM-6875,-1,-1
TIMOB-17271,TDQ-4054,1,1
TIMOB-17367,XD-422,1,1
TIMOB-17627,MESOS-5945,1,1
TIMOB-17281,DM-3610,1,1
TIMOB-17404,XD-3492,1,1
TIMOB-17293,STUDIO-3085,1,1
TIMOB-17335,DM-1192,-1,-1
TIMOB-17554,DM-6923,-1,1
TIMOB-17346,TISTUD-5672,1,1
TIMOB-17509,DM-2236,1,1
TIMOB-17350,DM-6494,1,1
TIMOB-17351,DURACLOUD-847,1,1
TIMOB-18788,MESOS-4479,-1,1
TIMOB-17357,DM-4904,1,1
TIMOB-17358,STUDIO-4517,1,-1
TIMOB-17359,MESOS-2707,-1,1
TIMOB-17361,DM-5379,1,1
TIMOB-17371,DM-6751,1,1
TIMOB-17548,XD-2191,1,1
TIMOB-17386,TISTUD-4373,-1,-1
TIMOB-17395,MDL-41438,-1,1
TIMOB-17396,DM-3504,1,-1
TIMOB-17884,TISTUD-6337,1,1
TIMOB-17460,DM-5775,-1,1
TIMOB-17411,DURACLOUD-986,1,1
TIMOB-17626,STUDIO-5590,1,-1
TIMOB-17418,DM-5400,1,1
TIMOB-17419,MULE-8341,1,1
TIMOB-17842,TISTUD-5541,-1,-1
TIMOB-18132,DM-4790,1,-1
TIMOB-17502,XD-3652,1,1
TIMOB-17446,TESB-11312,1,1
TIMOB-17447,CLOV-1443,-1,1
TIMOB-17448,DURACLOUD-752,1,1
TIMOB-17629,XD-1144,-1,-1
TIMOB-17456,MESOS-4358,-1,1
TIMOB-17747,TISTUD-6900,1,1
TIMOB-17457,DM-5430,-1,-1
TIMOB-17472,DURACLOUD-898,1,1
TIMOB-17475,DM-6074,1,1
TIMOB-17476,MESOS-4573,1,-1
TIMOB-17477,XD-1361,1,1
TIMOB-17478,DURACLOUD-534,-1,-1
TIMOB-18044,TDQ-9004,1,-1
TIMOB-17482,TISTUD-6297,1,1
TIMOB-17491,DM-3642,1,-1
TIMOB-17584,DM-2589,1,-1
TIMOB-17499,STUDIO-5586,1,1
TIMOB-17621,TESB-1303,1,1
TIMOB-17525,MESOS-1702,1,1
TIMOB-17526,DM-5174,-1,1
TIMOB-17527,TISTUD-766,1,-1
TIMOB-17528,DM-2163,-1,-1
TIMOB-17529,STUDIO-3410,-1,1
TIMOB-17530,XD-2016,1,1
TIMOB-17531,XD-3002,-1,1
TIMOB-17532,MDL-51442,1,1
TIMOB-17533,DM-631,-1,-1
TIMOB-17545,USERGRID-530,-1,1
TIMOB-17561,STUDIO-5351,1,-1
TIMOB-17563,TISTUD-1287,1,-1
TIMOB-17565,CLOV-1160,1,1
TIMOB-18053,DM-2387,1,1
TIMOB-17566,DM-3546,-1,1
TIMOB-17567,MDL-43266,1,-1
TIMOB-17568,MDL-40915,-1,-1
TIMOB-17729,MULE-8837,-1,-1
TIMOB-17571,XD-1742,1,1
TIMOB-17572,CLOV-1802,-1,-1
TIMOB-17573,TDQ-6038,-1,1
TIMOB-17945,TDQ-4433,-1,1
TIMOB-17600,DM-5219,1,1
TIMOB-17581,XD-2335,1,1
TIMOB-17582,DM-5188,1,-1
TIMOB-17583,MESOS-1855,-1,1
TIMOB-17585,MULE-8181,-1,-1
TIMOB-17586,MULE-7512,-1,1
TIMOB-17587,MDL-48145,-1,-1
TIMOB-17588,XD-887,-1,-1
TIMOB-17589,MESOS-4136,-1,1
TIMOB-17590,DM-343,1,-1
TIMOB-17594,DM-1658,1,1
TIMOB-17595,TDQ-4313,1,1
TIMOB-17601,DM-3609,1,1
TIMOB-17603,DM-6180,-1,-1
TIMOB-17604,MESOS-4178,-1,1
TIMOB-17605,TISTUD-3133,1,-1
TIMOB-17613,MDL-38325,1,-1
TIMOB-17610,TDQ-11801,1,1
TIMOB-17612,MULE-7101,1,-1
TIMOB-17641,STUDIO-6871,-1,-1
TIMOB-17640,BAM-4627,-1,1
TIMOB-17619,TDQ-9207,1,1
TIMOB-17624,DM-6397,1,-1
TIMOB-17631,TESB-208,1,1
TIMOB-17634,TESB-4349,-1,1
TIMOB-17647,APSTUD-3997,1,1
TIMOB-17638,BAM-7200,1,1
TIMOB-17636,DM-5298,-1,-1
TIMOB-17639,TISTUD-2340,1,-1
TIMOB-17961,DM-4343,1,-1
TIMOB-17642,DM-625,-1,1
TIMOB-17644,DM-5618,1,-1
TIMOB-17645,TESB-6707,-1,1
TIMOB-17646,TESB-10063,-1,1
TIMOB-17648,USERGRID-474,-1,1
TIMOB-17649,MESOS-3222,-1,1
TIMOB-17651,XD-1136,1,1
TIMOB-17653,MDL-41229,1,-1
TIMOB-17654,MULE-8543,1,1
TIMOB-17657,TISTUD-2544,1,-1
TIMOB-17660,DM-4147,1,1
TIMOB-17658,TISTUD-4397,1,1
TIMOB-17659,XD-765,1,1
TIMOB-17661,TISTUD-3630,-1,-1
TIMOB-17662,APSTUD-4473,-1,-1
TIMOB-17663,USERGRID-1272,1,1
TIMOB-17665,XD-2633,-1,1
TIMOB-17666,USERGRID-929,1,1
TIMOB-17668,DM-2259,-1,1
TIMOB-17800,XD-1019,1,1
TIMOB-17692,DURACLOUD-525,1,-1
TIMOB-17670,MESOS-4164,1,1
TIMOB-17675,APSTUD-4599,1,1
TIMOB-17676,MESOS-2719,1,1
TIMOB-17677,MULE-7255,1,1
TIMOB-17678,MULE-7796,1,1
TIMOB-17713,TDQ-5788,-1,1
TIMOB-17749,MDL-53152,1,1
TIMOB-17690,DM-5136,-1,1
TIMOB-17684,DM-3887,1,1
TIMOB-17686,DURACLOUD-620,-1,1
TIMOB-17687,TISTUD-1947,1,1
TIMOB-17688,BAM-7432,-1,1
TIMOB-17708,MULE-8148,1,-1
TIMOB-17691,DM-2400,1,-1
TIMOB-17694,XD-3475,1,1
TIMOB-17693,MESOS-2519,-1,1
TIMOB-17695,XD-2266,-1,1
TIMOB-17696,DM-3936,1,1
TIMOB-17699,TISTUD-5619,1,1
TIMOB-17700,BAM-10870,1,-1
TIMOB-17992,MDL-41716,1,1
TIMOB-17702,DM-3262,1,-1
TIMOB-17705,DM-5580,1,1
TIMOB-17703,DM-6853,1,1
TIMOB-17727,BAM-6122,1,1
TIMOB-17706,TISTUD-7112,-1,1
TIMOB-17707,APSTUD-2345,-1,-1
TIMOB-17710,USERGRID-471,-1,1
TIMOB-17711,TISTUD-3805,1,-1
TIMOB-17712,USERGRID-780,1,1
TIMOB-17715,DURACLOUD-1053,1,1
TIMOB-17718,DURACLOUD-339,-1,1
TIMOB-17716,DM-2008,1,1
TIMOB-17717,USERGRID-898,-1,-1
TIMOB-17719,DM-6942,1,-1
TIMOB-17723,DM-5125,1,1
TIMOB-17736,XD-383,1,1
TIMOB-17726,DM-1388,1,1
TIMOB-17740,DM-7080,1,1
TIMOB-17734,DM-5302,1,1
TIMOB-17738,MESOS-2971,1,1
TIMOB-17744,MESOS-5082,-1,1
TIMOB-17754,MULE-8493,-1,-1
TIMOB-17758,DM-3111,-1,-1
TIMOB-17761,JSW-5329,1,1
TIMOB-17762,DM-5188,-1,-1
TIMOB-17786,DM-3255,-1,-1
TIMOB-19541,TISTUD-2575,-1,-1
TIMOB-17788,DM-6514,-1,1
TIMOB-17793,DM-1239,1,-1
TIMOB-17798,TISTUD-2912,1,1
TIMOB-17797,DM-6821,-1,-1
TIMOB-17801,DM-6310,1,1
TIMOB-19536,DM-3469,1,-1
TIMOB-17804,DM-989,1,1
TIMOB-17805,TDQ-10547,-1,1
TIMOB-17806,DM-6346,1,1
TIMOB-17807,TISTUD-6930,1,1
TIMOB-17808,XD-2903,1,1
TIMOB-17811,XD-720,-1,-1
TIMOB-17812,DURACLOUD-698,1,1
TIMOB-17813,MESOS-2893,1,1
TIMOB-17818,XD-377,1,1
TIMOB-17822,DM-6461,-1,-1
TIMOB-17827,TDQ-8043,1,-1
TIMOB-17831,TISTUD-6836,-1,-1
TIMOB-17861,DM-1839,1,-1
TIMOB-17833,MULE-8458,1,-1
TIMOB-17836,STUDIO-3034,-1,1
TIMOB-17841,MESOS-3458,1,1
TIMOB-17843,XD-2138,1,1
TIMOB-17845,DM-3801,-1,1
TIMOB-17846,DM-4472,-1,-1
TIMOB-17847,DM-2293,1,1
TIMOB-17848,XD-354,1,-1
TIMOB-17849,TISTUD-5383,-1,-1
TIMOB-17850,DM-1388,-1,1
TIMOB-17851,TISTUD-1396,-1,1
TIMOB-17852,TISTUD-4950,-1,1
TIMOB-17853,APSTUD-769,-1,-1
TIMOB-17854,MESOS-5406,-1,1
TIMOB-17855,XD-2743,-1,1
TIMOB-17856,DM-5806,-1,1
TIMOB-17865,XD-1202,1,1
TIMOB-17868,JSW-7314,-1,1
TIMOB-17894,DM-1661,1,1
TIMOB-17874,TISTUD-6084,1,1
TIMOB-17885,XD-1322,-1,-1
TIMOB-17879,XD-3672,1,1
TIMOB-17990,XD-244,-1,-1
TIMOB-17890,DM-1125,-1,1
TIMOB-17891,TDQ-8144,1,1
TIMOB-17898,DM-2792,1,1
TIMOB-17899,XD-1988,1,1
TIMOB-17900,MULE-7646,1,1
TIMOB-17901,MDL-44704,1,1
TIMOB-17902,TESB-6093,1,1
TIMOB-17903,TISTUD-3837,1,1
TIMOB-17904,TISTUD-6520,1,1
TIMOB-17905,TESB-10037,-1,1
TIMOB-17908,XD-2326,1,1
TIMOB-17909,TISTUD-5339,1,1
TIMOB-17912,DM-6257,1,1
TIMOB-17913,TDQ-8789,1,1
TIMOB-17914,STUDIO-2842,1,1
TIMOB-17916,XD-1287,1,1
TIMOB-17917,XD-3656,1,1
TIMOB-17918,TDQ-10089,1,1
TIMOB-17923,XD-1091,1,1
TIMOB-17924,XD-2478,-1,1
TIMOB-17925,MESOS-2738,-1,1
TIMOB-17926,DM-6741,1,1
TIMOB-17928,XD-970,1,1
TIMOB-17929,XD-3448,-1,1
TIMOB-19470,MULE-7730,-1,-1
TIMOB-17941,XD-3284,-1,1
TIMOB-17942,XD-207,1,1
TIMOB-17943,TDQ-7739,1,1
TIMOB-17948,USERGRID-897,1,1
TIMOB-17946,DM-611,1,1
TIMOB-18129,DM-5246,-1,-1
TIMOB-17949,DM-3540,-1,1
TIMOB-17950,MDL-46132,1,-1
TIMOB-17951,DM-5368,1,1
TIMOB-17953,DM-3644,1,1
TIMOB-17965,DM-1576,1,-1
TIMOB-17972,TISTUD-139,1,1
TIMOB-17986,DM-6811,1,-1
TIMOB-18099,TISTUD-4314,1,-1
TIMOB-17987,XD-1624,-1,-1
TIMOB-17993,nan,1,-1
TIMOB-19164,XD-512,-1,1
TIMOB-17997,MESOS-4190,-1,1
TIMOB-17998,XD-1586,-1,1
TIMOB-23634,DM-4457,1,-1
TIMOB-19165,XD-3436,1,1
TIMOB-18027,TDQ-5769,1,-1
TIMOB-18028,XD-1986,1,1
TIMOB-18029,XD-3263,-1,1
TIMOB-18331,USERGRID-400,1,-1
TIMOB-18031,XD-1448,1,1
TIMOB-18033,TISTUD-2591,1,1
TIMOB-18034,DM-2563,1,-1
TIMOB-18035,MDL-46058,1,1
TIMOB-18038,TISTUD-946,-1,1
TIMOB-18048,MULE-8106,1,1
TIMOB-18046,DURACLOUD-570,1,1
TIMOB-18066,DM-3679,-1,1
TIMOB-18050,MULE-8439,1,1
TIMOB-18062,DM-246,1,-1
TIMOB-18065,DM-5760,1,-1
TIMOB-18070,DM-5052,1,-1
TIMOB-18082,XD-1090,1,1
TIMOB-18073,DM-2079,-1,-1
TIMOB-18074,TISTUD-3256,-1,-1
TIMOB-18079,APSTUD-4464,1,-1
TIMOB-18080,MESOS-4301,-1,1
TIMOB-18087,DURACLOUD-239,-1,1
TIMOB-18093,XD-3418,1,1
TIMOB-18094,MULE-8382,1,1
TIMOB-18095,MDL-43302,1,1
TIMOB-18098,DM-6218,1,-1
TIMOB-18102,XD-330,1,1
TIMOB-18103,DM-6029,1,1
TIMOB-18113,DM-5476,1,-1
TIMOB-18114,DM-1464,-1,1
TIMOB-18510,DM-2320,1,1
TIMOB-18126,MDL-44763,1,1
TIMOB-18138,STUDIO-2748,-1,1
TIMOB-18140,XD-893,1,1
TIMOB-18143,TISTUD-5105,-1,-1
TIMOB-18144,TISTUD-1286,-1,1
TIMOB-18145,XD-40,-1,1
TIMOB-18146,DM-6942,1,1
TIMOB-18152,MDL-45780,-1,1
TIMOB-18155,XD-1312,1,1
TIMOB-18156,DM-4747,-1,1
TIMOB-18158,MESOS-5253,1,1
TIMOB-18159,STUDIO-4265,1,-1
TIMOB-18160,XD-1434,-1,-1
TIMOB-18161,MESOS-3847,1,1
TIMOB-18162,DM-2755,-1,1
TIMOB-18167,XD-1037,-1,-1
TIMOB-18168,STUDIO-3880,1,-1
TIMOB-18173,XD-2081,-1,-1
TIMOB-18174,DM-1778,1,1
TIMOB-18176,DM-4337,-1,-1
TIMOB-18184,TISTUD-6911,1,1
TIMOB-18193,JSW-3020,1,1
TIMOB-18196,TESB-11441,1,1
TIMOB-18208,DURACLOUD-347,1,1
TIMOB-18210,STUDIO-6344,-1,-1
TIMOB-18199,DM-3605,1,-1
TIMOB-18278,CLOV-1231,1,1
TIMOB-18245,MDL-41031,1,-1
TIMOB-18244,MESOS-3262,-1,1
TIMOB-18214,STUDIO-3676,-1,1
TIMOB-18215,TISTUD-6187,1,1
TIMOB-18240,STUDIO-6867,-1,-1
TIMOB-18399,TISTUD-818,1,-1
TIMOB-18249,MDL-42214,1,1
TIMOB-18260,USERGRID-442,-1,1
TIMOB-18262,DURACLOUD-548,-1,1
TIMOB-18279,DM-4878,1,1
TIMOB-19825,TISTUD-7957,1,1
TIMOB-18283,USERGRID-449,-1,1
TIMOB-18349,TDQ-4570,1,-1
TIMOB-18285,STUDIO-4209,1,1
TIMOB-18286,MDL-52696,1,1
TIMOB-19984,DM-4610,1,1
TIMOB-18303,USERGRID-211,1,1
TIMOB-18309,TESB-9453,-1,1
TIMOB-18310,MDL-43931,-1,-1
TIMOB-18317,BAM-4666,1,-1
TIMOB-18313,XD-3691,-1,1
TIMOB-18314,TDQ-5629,-1,-1
TIMOB-18332,DM-3519,1,-1
TIMOB-18318,XD-2372,1,1
TIMOB-18319,TISTUD-3737,1,1
TIMOB-18320,TISTUD-3456,-1,1
TIMOB-18322,MESOS-1782,1,1
TIMOB-18325,MDL-53190,1,1
TIMOB-18326,TESB-7378,1,1
TIMOB-18327,XD-2404,-1,1
TIMOB-18328,BAM-8438,1,1
TIMOB-19233,CLOV-1335,-1,-1
TIMOB-18337,DM-4228,-1,1
TIMOB-18338,XD-2677,1,1
TIMOB-18340,TDQ-11386,-1,1
TIMOB-18341,TESB-15630,-1,1
TIMOB-18390,XD-2119,1,1
TIMOB-18347,MULE-7088,-1,1
TIMOB-19981,DM-208,1,1
TIMOB-18350,MESOS-2720,1,1
TIMOB-18351,DM-1600,1,1
TIMOB-18359,CLOV-1420,1,1
TIMOB-18363,TISTUD-3893,-1,1
TIMOB-18364,DM-3631,1,1
TIMOB-18365,MESOS-3814,1,1
TIMOB-18368,XD-1042,-1,-1
TIMOB-18380,TESB-10036,-1,-1
TIMOB-18377,XD-3724,1,1
TIMOB-18378,TDQ-9924,1,-1
TIMOB-18379,DM-1629,1,1
TIMOB-18499,DM-2309,1,1
TIMOB-18564,TDQ-11957,1,1
TIMOB-18392,DM-4652,1,1
TIMOB-18389,MESOS-3266,-1,-1
TIMOB-18401,DM-6369,1,1
TIMOB-18395,DM-5300,-1,-1
TIMOB-18396,DM-1864,1,-1
TIMOB-18402,DM-4601,-1,1
TIMOB-18403,APSTUD-4428,1,-1
TIMOB-18404,TISTUD-1373,1,-1
TIMOB-18405,DM-6454,1,-1
TIMOB-18407,CLOV-1429,-1,1
TIMOB-18409,TISTUD-6272,1,1
TIMOB-18414,TISTUD-5158,-1,1
TIMOB-18417,DM-4346,1,1
TIMOB-18423,DURACLOUD-847,-1,1
TIMOB-18424,TISTUD-2863,1,1
TIMOB-18970,MDL-33057,-1,-1
TIMOB-18431,CLOV-1167,1,1
TIMOB-18432,MULE-9168,-1,-1
TIMOB-18433,MESOS-4466,-1,-1
TIMOB-19170,XD-2820,-1,1
TIMOB-18439,MESOS-1339,-1,1
TIMOB-18440,DM-3524,1,-1
TIMOB-18448,MESOS-4075,1,-1
TIMOB-18464,XD-2010,1,1
TIMOB-18451,TESB-8606,-1,1
TIMOB-18452,XD-1912,-1,1
TIMOB-18453,APSTUD-3343,-1,-1
TIMOB-18454,XD-184,1,1
TIMOB-18457,TISTUD-5568,1,1
TIMOB-18458,DM-5406,1,1
TIMOB-18476,STUDIO-3621,1,1
TIMOB-18478,TDQ-12093,1,1
TIMOB-18480,XD-2671,-1,-1
TIMOB-18481,APSTUD-3100,1,1
TIMOB-18484,TISTUD-3323,-1,1
TIMOB-18503,XD-1290,1,-1
TIMOB-18504,TISTUD-5241,-1,-1
TIMOB-19884,STUDIO-5999,1,-1
TIMOB-18508,XD-2173,-1,1
TIMOB-18509,MESOS-3969,-1,1
TIMOB-18515,MULE-7989,1,-1
TIMOB-18516,DM-5670,1,1
TIMOB-18517,MESOS-2848,1,1
TIMOB-18518,XD-830,1,-1
TIMOB-18519,XD-3465,-1,1
TIMOB-18520,XD-3534,-1,-1
TIMOB-18521,TISTUD-5501,1,-1
TIMOB-18526,TISTUD-5671,1,1
TIMOB-18527,TDQ-4676,1,-1
TIMOB-18530,XD-1117,1,1
TIMOB-18531,XD-939,1,1
TIMOB-18532,DM-3489,1,1
TIMOB-18534,BAM-3616,-1,1
TIMOB-18535,MDL-52242,-1,1
TIMOB-18538,XD-624,1,1
TIMOB-18543,TISTUD-6336,-1,1
TIMOB-18744,USERGRID-1072,1,1
TIMOB-18546,TDQ-1875,1,-1
TIMOB-18550,DM-1697,1,1
TIMOB-18551,MESOS-4318,1,1
TIMOB-18552,DM-1071,1,1
TIMOB-18553,DM-3622,-1,-1
TIMOB-18555,DM-5627,-1,-1
TIMOB-18556,BAM-10997,1,1
TIMOB-18557,TDQ-5314,1,-1
TIMOB-18565,XD-111,-1,1
TIMOB-18559,DM-624,1,-1
TIMOB-18562,TDQ-7692,1,1
TIMOB-18571,MDL-41075,1,1
TIMOB-18573,MDL-43395,1,-1
TIMOB-18581,DM-2819,-1,-1
TIMOB-18588,TISTUD-71,-1,1
TIMOB-18589,DURACLOUD-152,1,1
TIMOB-18594,DM-603,1,-1
TIMOB-18599,DURACLOUD-70,1,1
TIMOB-18600,MULE-7909,-1,1
TIMOB-18601,XD-1216,-1,1
TIMOB-18782,XD-669,-1,1
TIMOB-18607,STUDIO-4460,1,-1
TIMOB-18608,MULE-7512,1,1
TIMOB-18609,DM-2017,1,1
TIMOB-18617,DURACLOUD-374,-1,1
TIMOB-18619,XD-1596,-1,1
TIMOB-18622,STUDIO-5757,1,-1
TIMOB-18625,DM-5647,-1,-1
TIMOB-18627,DURACLOUD-306,-1,-1
TIMOB-18629,TDQ-4982,1,1
TIMOB-18630,TESB-5252,1,1
TIMOB-18632,APSTUD-7571,-1,-1
TIMOB-18633,BAM-5870,-1,1
TIMOB-18635,MDL-39884,-1,-1
TIMOB-18637,TISTUD-1546,1,-1
TIMOB-18638,TESB-6790,-1,1
TIMOB-18639,MULE-7367,1,-1
TIMOB-18899,DM-3135,-1,-1
TIMOB-18668,DM-5499,1,1
TIMOB-18669,TESB-11336,1,1
TIMOB-18670,APSTUD-4384,1,-1
TIMOB-18671,DM-956,-1,-1
TIMOB-18672,TISTUD-6170,1,-1
TIMOB-18673,TDQ-8429,-1,-1
TIMOB-18674,XD-3542,1,1
TIMOB-18675,TESB-13290,-1,1
TIMOB-18676,DM-3535,1,1
TIMOB-18677,STUDIO-5668,-1,1
TIMOB-18678,XD-704,1,1
TIMOB-18679,XD-2421,1,1
TIMOB-18682,MESOS-3161,1,1
TIMOB-18683,MESOS-4908,-1,-1
TIMOB-18698,MESOS-4004,-1,1
TIMOB-18699,MESOS-5691,-1,1
TIMOB-18700,DM-1805,1,1
TIMOB-18704,DM-6645,1,1
TIMOB-18707,DM-3636,1,1
TIMOB-18711,USERGRID-708,1,1
TIMOB-18712,MESOS-5765,-1,1
TIMOB-18713,STUDIO-2964,-1,-1
TIMOB-18887,DM-4263,1,1
TIMOB-18715,DM-6936,1,1
TIMOB-18719,TESB-4483,-1,1
TIMOB-18720,MDL-41161,1,-1
TIMOB-18721,MESOS-999,1,1
TIMOB-18722,MESOS-4660,1,1
TIMOB-18723,DM-6021,1,-1
TIMOB-18724,DM-3905,1,1
TIMOB-18728,XD-2569,1,1
TIMOB-18729,TISTUD-6574,1,1
TIMOB-18730,XD-3222,-1,1
TIMOB-18732,MESOS-1339,-1,1
TIMOB-18733,DM-5509,-1,-1
TIMOB-18734,DM-5497,1,-1
TIMOB-18739,APSTUD-2717,1,1
TIMOB-18740,MESOS-3166,1,1
TIMOB-18743,XD-2872,-1,1
TIMOB-18745,XD-1083,-1,1
TIMOB-18746,DM-4317,-1,1
TIMOB-18747,DM-2050,-1,-1
TIMOB-18749,APSTUD-4860,1,1
TIMOB-18750,MULE-7113,1,1
TIMOB-18751,DM-1255,-1,-1
TIMOB-18752,TISTUD-2047,1,-1
TIMOB-18753,MDL-43028,1,-1
TIMOB-18754,TISTUD-3432,1,-1
TIMOB-18756,MESOS-3265,-1,1
TIMOB-18757,DM-4000,-1,-1
TIMOB-18758,TISTUD-5562,1,1
TIMOB-18759,XD-1498,1,1
TIMOB-18760,MULE-8332,-1,1
TIMOB-18761,MDL-50253,1,-1
TIMOB-18763,DURACLOUD-680,-1,1
TIMOB-18765,DM-3839,1,1
TIMOB-18768,TDQ-4795,-1,-1
TIMOB-18770,DM-595,-1,1
TIMOB-18773,BAM-10097,-1,1
TIMOB-18775,DM-1948,-1,-1
TIMOB-18776,DM-4235,-1,-1
TIMOB-18789,XD-2685,1,1
TIMOB-18816,DM-2019,1,1
TIMOB-18791,XD-2229,-1,1
TIMOB-18793,TDQ-4627,-1,1
TIMOB-18794,MULE-8044,-1,-1
TIMOB-18804,DM-5142,-1,-1
TIMOB-18805,TESB-5763,-1,1
TIMOB-18806,TISTUD-5502,1,-1
TIMOB-18813,MESOS-4359,-1,1
TIMOB-18814,TISTUD-5495,-1,-1
TIMOB-18815,DM-4858,1,1
TIMOB-18817,MDL-41274,1,1
TIMOB-18820,STUDIO-2418,1,-1
TIMOB-18853,TESB-6093,-1,1
TIMOB-18861,XD-1319,-1,-1
TIMOB-18824,MDL-39963,-1,-1
TIMOB-18830,TISTUD-302,1,1
TIMOB-18838,DM-3954,1,1
TIMOB-18834,BAM-6832,1,1
TIMOB-18839,TISTUD-6239,-1,-1
TIMOB-18840,MDL-42331,1,1
TIMOB-19621,XD-2942,1,1
TIMOB-18843,MESOS-3732,1,1
TIMOB-19919,XD-2510,1,1
TIMOB-18847,APSTUD-7630,1,1
TIMOB-18849,DURACLOUD-196,1,1
TIMOB-18915,TESB-11029,-1,1
TIMOB-18851,BAM-6122,1,1
TIMOB-18854,DM-5005,1,1
TIMOB-18855,TESB-6386,-1,1
TIMOB-18856,MULE-7443,1,1
TIMOB-19192,DM-3912,1,1
TIMOB-18859,DM-5623,1,-1
TIMOB-18860,DM-5413,1,1
TIMOB-18864,MESOS-4377,1,1
TIMOB-18865,TISTUD-1662,-1,1
TIMOB-18866,DM-3426,1,1
TIMOB-18867,TISTUD-6886,1,1
TIMOB-18877,TISTUD-5492,1,-1
TIMOB-19234,DM-1877,1,-1
TIMOB-18870,DM-2433,1,1
TIMOB-18871,MDL-46577,-1,-1
TIMOB-18913,XD-206,1,1
TIMOB-18873,MESOS-2097,1,1
TIMOB-18874,DM-4950,-1,-1
TIMOB-18875,TDQ-9663,-1,1
TIMOB-18876,USERGRID-573,1,1
TIMOB-18878,MDL-46772,1,1
TIMOB-18879,XD-1050,1,-1
TIMOB-18880,TESB-9328,1,1
TIMOB-18881,DM-3460,-1,1
TIMOB-18882,TISTUD-6250,1,1
TIMOB-18883,TDQ-8429,1,1
TIMOB-23533,TDQ-8789,1,-1
TIMOB-18889,DM-2478,1,-1
TIMOB-18890,XD-1969,1,-1
TIMOB-18906,DM-5798,-1,-1
TIMOB-18901,DM-5205,-1,-1
TIMOB-18902,XD-3036,1,1
TIMOB-18904,USERGRID-27,1,1
TIMOB-18905,DM-2431,-1,1
TIMOB-18916,XD-1143,-1,-1
TIMOB-18917,DURACLOUD-967,1,1
TIMOB-18926,MESOS-2719,1,1
TIMOB-18927,MULE-9272,-1,1
TIMOB-18928,DM-6183,-1,1
TIMOB-18929,XD-1759,1,1
TIMOB-18931,DM-1281,1,1
TIMOB-18935,TDQ-4601,1,1
TIMOB-18937,XD-1869,-1,1
TIMOB-18938,DM-6861,1,1
TIMOB-18939,TISTUD-6195,1,1
TIMOB-18940,DM-522,1,1
TIMOB-18941,TESB-10441,-1,1
TIMOB-18942,XD-1849,1,1
TIMOB-18944,XD-1334,-1,1
TIMOB-18949,TISTUD-280,1,1
TIMOB-18950,XD-863,-1,1
TIMOB-18951,TISTUD-1788,1,1
TIMOB-18956,DURACLOUD-121,1,1
TIMOB-18958,MDL-52709,1,1
TIMOB-18960,DM-4691,1,-1
TIMOB-18961,MULE-8383,-1,1
TIMOB-18963,APSTUD-4776,-1,-1
TIMOB-18964,TISTUD-7262,-1,-1
TIMOB-18965,TISTUD-6771,-1,-1
TIMOB-18967,XD-3505,1,1
TIMOB-19199,TISTUD-6838,1,-1
TIMOB-18974,DM-933,-1,1
TIMOB-18975,TDQ-12111,1,1
TIMOB-18978,DURACLOUD-502,1,1
TIMOB-18980,DM-6280,1,1
TIMOB-18981,DM-5568,1,1
TIMOB-18987,DM-4090,1,1
TIMOB-18989,XD-2009,-1,1
TIMOB-18990,MESOS-4736,1,1
TIMOB-18991,DM-898,1,1
TIMOB-18992,APSTUD-4755,1,1
TIMOB-18995,STUDIO-2492,-1,1
TIMOB-18996,TISTUD-2999,1,1
TIMOB-19011,MESOS-3960,1,1
TIMOB-18997,DM-3865,-1,-1
TIMOB-18998,XD-1261,1,1
TIMOB-18999,XD-2524,1,1
TIMOB-19000,XD-176,1,1
TIMOB-19002,TDQ-6753,1,1
TIMOB-19003,CLOV-1158,1,1
TIMOB-19004,TISTUD-2487,1,1
TIMOB-19005,TISTUD-1905,1,-1
TIMOB-19006,TISTUD-2040,-1,1
TIMOB-19008,DM-5129,1,1
TIMOB-19009,TISTUD-5698,-1,1
TIMOB-19010,TISTUD-1721,1,1
TIMOB-19012,XD-2622,1,1
TIMOB-19013,DM-2726,1,-1
TIMOB-19015,MDL-41227,1,-1
TIMOB-19016,TISTUD-4728,1,1
TIMOB-19017,DM-1100,1,-1
TIMOB-19018,DM-1089,-1,-1
TIMOB-19019,USERGRID-936,1,1
TIMOB-19020,DM-6359,1,1
TIMOB-19021,DM-3490,1,1
TIMOB-19022,BAM-8073,1,1
TIMOB-19025,MULE-7031,1,1
TIMOB-19026,MULE-8229,1,-1
TIMOB-19028,TISTUD-1309,1,-1
TIMOB-19029,TDQ-4849,-1,1
TIMOB-19030,DM-6166,1,1
TIMOB-19031,TESB-3352,-1,1
TIMOB-19032,XD-1252,1,1
TIMOB-19033,XD-1076,-1,-1
TIMOB-19034,XD-1895,1,1
TIMOB-23490,DM-1337,1,-1
TIMOB-19037,XD-2487,1,1
TIMOB-19038,XD-3481,1,1
TIMOB-19039,DM-6541,1,1
TIMOB-19040,DM-3373,-1,1
TIMOB-19041,XD-2272,1,1
TIMOB-19088,XD-1440,-1,-1
TIMOB-19042,DM-1454,1,-1
TIMOB-19043,TISTUD-6825,1,1
TIMOB-19044,DM-3108,1,1
TIMOB-19045,DM-1239,-1,-1
TIMOB-19048,DM-2463,1,-1
TIMOB-19206,BAM-7454,1,1
TIMOB-19051,DM-3533,-1,1
TIMOB-19052,TDQ-6122,1,-1
TIMOB-19054,XD-2704,-1,-1
TIMOB-19055,MESOS-2058,-1,1
TIMOB-19056,MESOS-4834,-1,1
TIMOB-19057,TESB-6388,-1,1
TIMOB-19058,DM-6018,1,1
TIMOB-19059,STUDIO-5597,-1,1
TIMOB-19061,TISTUD-2949,-1,-1
TIMOB-19062,XD-1248,1,1
TIMOB-19063,MDL-37717,1,1
TIMOB-19065,DM-2824,-1,-1
TIMOB-19066,TISTUD-1576,1,-1
TIMOB-19067,TESB-3449,1,1
TIMOB-19073,MDL-44826,1,1
TIMOB-19069,MESOS-4982,1,1
TIMOB-19070,MESOS-3281,1,1
TIMOB-19215,XD-600,1,1
TIMOB-19400,TISTUD-4466,1,1
TIMOB-19076,TISTUD-5205,-1,-1
TIMOB-19077,BAM-11628,1,1
TIMOB-19078,TESB-6781,-1,1
TIMOB-19079,DURACLOUD-518,1,1
TIMOB-19081,STUDIO-7386,-1,-1
TIMOB-19082,APSTUD-4756,1,-1
TIMOB-19083,DM-5129,-1,1
TIMOB-19084,DM-5787,1,1
TIMOB-19085,TISTUD-2357,1,1
TIMOB-19086,XD-85,1,1
TIMOB-19090,MESOS-4444,1,1
TIMOB-19091,STUDIO-3396,1,1
TIMOB-19092,DM-5086,1,1
TIMOB-19093,TDQ-5329,-1,-1
TIMOB-19095,DM-3404,1,1
TIMOB-19156,BAM-6140,-1,1
TIMOB-19096,XD-3559,-1,-1
TIMOB-19097,DM-2066,1,1
TIMOB-19098,STUDIO-6012,-1,-1
TIMOB-19099,MESOS-3512,1,1
TIMOB-19100,XD-1538,1,-1
TIMOB-19102,BAM-7873,1,1
TIMOB-19103,MULE-6512,-1,1
TIMOB-19104,DM-5875,1,1
TIMOB-19105,TISTUD-2089,1,-1
TIMOB-19106,XD-2976,1,1
TIMOB-19107,DURACLOUD-346,1,-1
TIMOB-19108,TISTUD-3788,-1,-1
TIMOB-19109,APSTUD-4234,1,1
TIMOB-19335,TDQ-10091,-1,-1
TIMOB-19111,STUDIO-3967,1,1
TIMOB-19112,TISTUD-3121,1,-1
TIMOB-19114,XD-2351,-1,-1
TIMOB-19116,XD-1151,1,-1
TIMOB-19119,MESOS-2367,-1,1
TIMOB-19120,DM-4886,-1,-1
TIMOB-19122,XD-1100,-1,1
TIMOB-19123,DM-3111,-1,-1
TIMOB-19124,DURACLOUD-615,-1,1
TIMOB-19125,TISTUD-3258,1,-1
TIMOB-19126,XD-1355,-1,1
TIMOB-19127,DM-3036,1,-1
TIMOB-19128,MULE-9038,1,-1
TIMOB-19129,MESOS-4757,-1,1
TIMOB-19130,DM-7037,1,1
TIMOB-19131,MDL-46825,1,-1
TIMOB-19132,MESOS-2973,1,1
TIMOB-19135,TDQ-11959,-1,-1
TIMOB-19137,DM-995,1,1
TIMOB-19138,MULE-8669,1,1
TIMOB-19139,DURACLOUD-881,-1,-1
TIMOB-19140,XD-789,1,1
TIMOB-19142,MESOS-3936,-1,-1
TIMOB-19143,XD-3692,-1,1
TIMOB-19144,XD-2294,1,1
TIMOB-19147,DM-2119,-1,-1
TIMOB-19148,MDL-39299,1,-1
TIMOB-19149,TISTUD-321,1,1
TIMOB-19150,TDQ-8401,1,-1
TIMOB-19151,XD-2227,1,1
TIMOB-19152,XD-2887,1,1
TIMOB-19153,DM-2757,-1,1
TIMOB-19154,MULE-7976,1,1
TIMOB-19157,DM-3838,-1,-1
TIMOB-19160,TISTUD-8491,-1,1
TIMOB-19175,MULE-6864,1,1
TIMOB-19176,TISTUD-5916,1,1
TIMOB-19177,USERGRID-587,1,1
TIMOB-19178,TISTUD-3097,1,1
TIMOB-19179,BAM-8899,1,1
TIMOB-19180,DM-2031,1,-1
TIMOB-19181,TESB-4288,1,1
TIMOB-19183,XD-2558,1,-1
TIMOB-19184,DM-6622,-1,-1
TIMOB-19185,DM-3579,1,-1
TIMOB-19186,DM-5124,-1,-1
TIMOB-19187,MULE-8416,1,1
TIMOB-19188,XD-3331,-1,1
TIMOB-19193,STUDIO-6012,-1,-1
TIMOB-19194,TDQ-7919,1,1
TIMOB-19195,MDL-53182,-1,1
TIMOB-19647,DURACLOUD-726,1,1
TIMOB-19200,STUDIO-3710,-1,-1
TIMOB-19202,DM-3363,1,1
TIMOB-19203,TESB-3494,-1,-1
TIMOB-19205,XD-2010,-1,1
TIMOB-19207,XD-3419,1,1
TIMOB-19209,TESB-7373,1,1
TIMOB-19208,MDL-39949,1,1
TIMOB-19242,DM-6053,-1,1
TIMOB-19894,STUDIO-2775,-1,-1
TIMOB-19211,MULE-7442,1,1
TIMOB-19212,DURACLOUD-130,-1,1
TIMOB-19213,MULE-8240,1,1
TIMOB-19214,XD-1495,1,1
TIMOB-19216,DM-2533,1,1
TIMOB-19241,DM-1830,1,-1
TIMOB-19217,DURACLOUD-924,1,1
TIMOB-19218,XD-2920,1,1
TIMOB-19219,BAM-6497,-1,1
TIMOB-19221,DM-4208,-1,1
TIMOB-19224,MDL-42236,-1,-1
TIMOB-19225,XD-1374,-1,1
TIMOB-19227,TISTUD-6579,1,1
TIMOB-19235,TISTUD-3037,-1,-1
TIMOB-19231,DM-2868,1,1
TIMOB-19232,TDQ-6006,1,-1
TIMOB-19249,APSTUD-4567,1,-1
TIMOB-19243,XD-1670,-1,1
TIMOB-19244,DM-2711,1,1
TIMOB-19245,USERGRID-745,1,1
TIMOB-20030,BAM-4725,1,-1
TIMOB-19253,MULE-7624,-1,-1
TIMOB-20181,MDL-51513,1,1
TIMOB-19251,DM-4895,1,1
TIMOB-19330,MDL-41235,1,1
TIMOB-19262,MESOS-5115,-1,1
TIMOB-19263,JSW-5348,1,-1
TIMOB-19264,MESOS-2646,-1,-1
TIMOB-19265,TDQ-8789,1,-1
TIMOB-19266,XD-486,1,-1
TIMOB-19267,TISTUD-7210,1,1
TIMOB-19268,XD-2144,1,1
TIMOB-19269,DURACLOUD-384,1,1
TIMOB-19270,DM-4945,1,1
TIMOB-19271,MDL-43028,1,1
TIMOB-19272,DURACLOUD-474,-1,1
TIMOB-19274,BAM-6829,1,1
TIMOB-19275,DM-2609,1,-1
TIMOB-19276,MESOS-4082,1,1
TIMOB-19279,DM-6856,1,1
TIMOB-19281,MULE-7057,1,-1
TIMOB-19286,XD-776,1,1
TIMOB-19287,DM-7005,1,1
TIMOB-19290,DM-6189,-1,-1
TIMOB-19292,TDQ-6678,1,1
TIMOB-19293,MESOS-4338,-1,1
TIMOB-19294,TESB-15339,1,1
TIMOB-19325,TISTUD-2562,1,-1
TIMOB-19328,XD-750,-1,1
TIMOB-19297,MDL-21415,1,1
TIMOB-19302,APSTUD-2715,1,1
TIMOB-19303,TDQ-8563,1,1
TIMOB-19377,APSTUD-7410,-1,-1
TIMOB-20285,CLOV-1186,1,-1
TIMOB-19305,JSW-6372,1,1
TIMOB-19308,TDQ-11756,1,1
TIMOB-19311,MDL-46523,1,1
TIMOB-20035,DURACLOUD-930,-1,1
TIMOB-19312,DM-2323,1,1
TIMOB-19891,XD-1356,1,1
TIMOB-19318,MULE-7930,1,-1
TIMOB-19320,DM-1471,-1,-1
TIMOB-19633,DM-474,-1,-1
TIMOB-19326,TISTUD-1662,1,-1
TIMOB-19331,DM-1110,1,-1
TIMOB-19337,MESOS-5437,1,1
TIMOB-19340,DM-4479,-1,-1
TIMOB-19344,USERGRID-604,-1,1
TIMOB-19345,MESOS-2854,-1,1
TIMOB-19347,TISTUD-1378,-1,-1
TIMOB-19348,XD-1641,-1,1
TIMOB-19349,XD-2139,1,1
TIMOB-19350,MDL-34684,-1,-1
TIMOB-19351,DM-4427,1,-1
TIMOB-19352,TESB-6728,-1,1
TIMOB-19355,MULE-8583,1,1
TIMOB-19356,DM-4422,1,-1
TIMOB-19357,TESB-11726,1,1
TIMOB-19361,STUDIO-4742,1,-1
TIMOB-19364,XD-748,-1,1
TIMOB-19365,TISTUD-5314,1,-1
TIMOB-19366,APSTUD-1839,1,-1
TIMOB-19368,MESOS-3945,1,1
TIMOB-19437,TISTUD-6837,1,-1
TIMOB-19369,TISTUD-5112,1,-1
TIMOB-19374,XD-2027,1,1
TIMOB-19375,DURACLOUD-97,1,1
TIMOB-19376,XD-2770,1,1
TIMOB-19378,DM-3499,-1,-1
TIMOB-19379,TDQ-10141,1,-1
TIMOB-19380,MDL-42497,1,-1
TIMOB-19381,DM-1285,1,1
TIMOB-19383,TISTUD-7725,-1,1
TIMOB-19384,TISTUD-887,1,1
TIMOB-19385,TISTUD-6702,-1,-1
TIMOB-19386,XD-1674,1,1
TIMOB-19390,DM-3448,-1,-1
TIMOB-19394,DM-1877,1,-1
TIMOB-19397,XD-2684,1,1
TIMOB-19399,DM-7022,1,1
TIMOB-19410,TESB-5916,1,1
TIMOB-19401,DM-5480,1,-1
TIMOB-20092,USERGRID-582,1,1
TIMOB-19402,XD-558,-1,1
TIMOB-19404,TISTUD-1642,1,-1
TIMOB-19405,APSTUD-2999,1,1
TIMOB-19406,XD-1096,1,1
TIMOB-19848,USERGRID-754,-1,1
TIMOB-19409,MULE-7548,1,1
TIMOB-19411,XD-1324,1,1
TIMOB-19412,DM-2826,-1,-1
TIMOB-19414,DM-446,1,1
TIMOB-19416,XD-1176,1,1
TIMOB-19418,XD-1503,1,-1
TIMOB-19419,TDQ-8144,1,1
TIMOB-19420,MESOS-2144,1,-1
TIMOB-19422,MULE-7721,1,1
TIMOB-19424,TDQ-11611,1,1
TIMOB-19426,DM-210,-1,-1
TIMOB-19427,DM-4443,1,1
TIMOB-19428,MDL-44929,1,-1
TIMOB-19435,TESB-6190,1,1
TIMOB-19438,TDQ-616,1,1
TIMOB-19447,DM-3803,-1,1
TIMOB-19916,DM-5962,1,-1
TIMOB-19442,TESB-11029,1,1
TIMOB-19445,MULE-7997,1,-1
TIMOB-19446,TDQ-9810,-1,1
TIMOB-19452,JSW-5544,-1,-1
TIMOB-19455,MULE-8026,1,1
TIMOB-19456,TISTUD-5071,-1,1
TIMOB-20068,APSTUD-4624,1,-1
TIMOB-19774,MULE-8479,-1,1
TIMOB-19469,DM-6788,1,1
TIMOB-19473,MDL-43213,1,-1
TIMOB-19474,TDQ-9750,-1,1
TIMOB-19476,BAM-5645,1,-1
TIMOB-19477,TDQ-9453,1,1
TIMOB-19478,CLOV-1659,-1,-1
TIMOB-19479,MESOS-4172,1,-1
TIMOB-19481,DM-2954,-1,-1
TIMOB-19482,MDL-43604,1,1
TIMOB-19483,TESB-7360,-1,1
TIMOB-19484,TDQ-12150,1,1
TIMOB-19486,DM-1915,-1,-1
TIMOB-19487,TESB-4436,-1,1
TIMOB-19488,XD-3152,1,1
TIMOB-19490,TDQ-5222,1,1
TIMOB-19491,XD-3093,-1,1
TIMOB-19492,MESOS-4459,1,1
TIMOB-19493,APSTUD-3100,-1,1
TIMOB-19494,XD-2479,-1,1
TIMOB-19495,MESOS-3939,1,1
TIMOB-19496,APSTUD-4237,1,1
TIMOB-19497,TISTUD-7942,-1,1
TIMOB-19506,APSTUD-7161,1,-1
TIMOB-19518,DM-1738,1,1
TIMOB-19508,TISTUD-3488,-1,-1
TIMOB-19500,MESOS-1529,-1,-1
TIMOB-19502,DM-6389,1,1
TIMOB-19504,MULE-6441,-1,-1
TIMOB-19512,TISTUD-2988,-1,1
TIMOB-19516,TISTUD-5523,1,-1
TIMOB-19517,XD-1728,1,1
TIMOB-19522,TDQ-7167,1,1
TIMOB-19528,TESB-6453,-1,1
TIMOB-19529,TISTUD-887,1,1
TIMOB-20142,TISTUD-2694,1,-1
TIMOB-19533,XD-1522,1,1
TIMOB-19597,XD-576,1,1
TIMOB-19544,APSTUD-3941,1,1
TIMOB-19545,DM-5447,1,-1
TIMOB-19564,XD-1346,1,-1
TIMOB-19549,DM-5906,1,-1
TIMOB-19550,XD-2615,1,-1
TIMOB-19555,TESB-10585,1,-1
TIMOB-19554,XD-1471,-1,-1
TIMOB-19562,MDL-41619,1,1
TIMOB-19565,DM-3524,1,-1
TIMOB-19566,DM-1074,-1,-1
TIMOB-19567,DM-3912,1,1
TIMOB-19568,DM-6439,1,-1
TIMOB-19640,STUDIO-6904,-1,-1
TIMOB-19612,MESOS-2485,1,1
TIMOB-19572,TISTUD-5060,-1,-1
TIMOB-19639,MESOS-4380,1,1
TIMOB-19574,MDL-46602,1,-1
TIMOB-19575,TISTUD-4333,-1,1
TIMOB-19576,MULE-8544,1,1
TIMOB-19577,MULE-8657,-1,1
TIMOB-19578,XD-3567,-1,-1
TIMOB-19580,STUDIO-3301,1,-1
TIMOB-19672,TDQ-9283,-1,1
TIMOB-19588,DM-2400,-1,-1
TIMOB-19609,MESOS-2630,1,1
TIMOB-19615,STUDIO-2812,-1,-1
TIMOB-19617,MESOS-2061,-1,1
TIMOB-19628,DM-4782,1,1
TIMOB-19644,TISTUD-5984,-1,-1
TIMOB-19646,DM-5437,1,1
TIMOB-19648,XD-466,1,1
TIMOB-19650,DM-2046,-1,-1
TIMOB-19651,DM-5538,1,-1
TIMOB-19652,APSTUD-4628,-1,1
TIMOB-19654,TISTUD-428,1,1
TIMOB-19655,DM-4081,1,-1
TIMOB-19656,DM-6231,1,-1
TIMOB-19657,MULE-8297,-1,-1
TIMOB-19659,TISTUD-7112,-1,1
TIMOB-19661,XD-1545,-1,-1
TIMOB-19660,DURACLOUD-525,-1,-1
TIMOB-19662,MESOS-4825,1,1
TIMOB-19663,TDQ-8404,-1,-1
TIMOB-19664,MESOS-3849,1,1
TIMOB-19910,APSTUD-4403,1,-1
TIMOB-19665,CLOV-1892,-1,-1
TIMOB-19666,MULE-7119,1,1
TIMOB-19667,TDQ-6291,1,-1
TIMOB-19679,MESOS-5580,-1,-1
TIMOB-19673,DM-3879,1,-1
TIMOB-19674,MULE-8069,-1,-1
TIMOB-19675,XD-2555,-1,1
TIMOB-19676,MESOS-4255,-1,1
TIMOB-19677,DM-6460,1,-1
TIMOB-19678,STUDIO-4600,-1,-1
TIMOB-20116,DM-6006,1,1
TIMOB-19680,XD-2850,1,-1
TIMOB-19681,XD-2014,1,-1
TIMOB-19682,DURACLOUD-768,1,1
TIMOB-19683,MULE-8505,1,-1
TIMOB-20038,MESOS-5697,-1,1
TIMOB-19822,TISTUD-1721,1,1
TIMOB-19685,TISTUD-2770,1,-1
TIMOB-19687,MESOS-3911,1,1
TIMOB-19689,TDQ-5248,-1,-1
TIMOB-19691,MESOS-5555,-1,1
TIMOB-19692,MESOS-3457,1,1
TIMOB-19693,STUDIO-4062,1,1
TIMOB-19694,TDQ-9997,1,1
TIMOB-19697,CLOV-1232,-1,1
TIMOB-19698,APSTUD-4179,-1,-1
TIMOB-19700,XD-594,1,1
TIMOB-19701,DM-4094,1,1
TIMOB-19702,TESB-2253,1,1
TIMOB-19703,TDQ-9141,1,-1
TIMOB-19741,BAM-10693,1,1
TIMOB-19704,TISTUD-4394,1,1
TIMOB-19705,MESOS-4222,1,-1
TIMOB-19707,APSTUD-7270,1,-1
TIMOB-19716,MDL-51967,1,1
TIMOB-19817,TISTUD-8023,1,-1
TIMOB-19717,TISTUD-2485,1,1
TIMOB-19722,TESB-3708,1,1
TIMOB-19740,MESOS-2720,1,1
TIMOB-19725,TESB-3810,1,1
TIMOB-20041,DM-4075,1,-1
TIMOB-20036,USERGRID-702,1,-1
TIMOB-19739,XD-1149,-1,-1
TIMOB-19733,CLOV-1336,-1,-1
TIMOB-19737,TISTUD-5780,1,-1
TIMOB-19755,JSW-6232,1,-1
TIMOB-19745,MESOS-5470,1,1
TIMOB-19751,MESOS-2726,1,-1
TIMOB-19753,DM-197,1,1
TIMOB-19754,STUDIO-2760,-1,-1
TIMOB-19759,DM-513,-1,-1
TIMOB-19760,DM-1349,1,-1
TIMOB-19762,TISTUD-2476,1,1
TIMOB-20115,DM-5859,1,1
TIMOB-19766,CLOV-1512,1,1
TIMOB-19767,DM-3126,1,1
TIMOB-19768,XD-757,1,-1
TIMOB-19769,XD-774,-1,1
TIMOB-19773,TDQ-5762,1,1
TIMOB-19777,DM-1060,-1,-1
TIMOB-19779,DM-6350,-1,1
TIMOB-19784,TISTUD-4488,1,1
TIMOB-19787,MDL-42040,-1,1
TIMOB-19788,TISTUD-2170,-1,-1
TIMOB-19789,DURACLOUD-177,-1,1
TIMOB-19812,MESOS-3985,1,1
TIMOB-19791,DM-5885,1,1
TIMOB-19793,MESOS-3167,1,1
TIMOB-19795,STUDIO-4348,1,-1
TIMOB-19796,TISTUD-6639,1,1
TIMOB-19798,TISTUD-1370,1,1
TIMOB-20140,DM-559,1,1
TIMOB-19799,MDL-46523,1,1
TIMOB-19801,USERGRID-608,-1,-1
TIMOB-19802,DURACLOUD-181,1,1
TIMOB-19803,APSTUD-4269,1,-1
TIMOB-19804,XD-3089,1,1
TIMOB-19807,DM-3838,-1,-1
TIMOB-19808,XD-1635,1,1
TIMOB-19809,DM-3684,-1,-1
TIMOB-19811,XD-2885,1,1
TIMOB-19819,MESOS-3969,1,-1
TIMOB-19820,XD-2418,-1,1
TIMOB-19821,MESOS-3856,1,1
TIMOB-19823,MULE-7459,1,1
TIMOB-19828,MULE-7485,1,-1
TIMOB-19830,USERGRID-350,-1,1
TIMOB-19833,APSTUD-7605,1,1
TIMOB-19836,APSTUD-2809,1,1
TIMOB-19837,TISTUD-5077,1,1
TIMOB-19838,JSW-5773,-1,1
TIMOB-19840,XD-753,1,1
TIMOB-19841,CLOV-1161,1,1
TIMOB-19842,BAM-4627,1,1
TIMOB-19843,STUDIO-3167,-1,-1
TIMOB-19896,DM-1987,-1,-1
TIMOB-19850,BAM-9029,1,1
TIMOB-19853,STUDIO-2278,-1,1
TIMOB-19856,CLOV-1776,-1,1
TIMOB-19858,MULE-6861,-1,-1
TIMOB-19859,XD-3192,-1,-1
TIMOB-19865,DM-2352,1,1
TIMOB-19867,DURACLOUD-561,1,1
TIMOB-19869,BAM-5358,1,1
TIMOB-19870,TISTUD-5984,-1,1
TIMOB-19886,DM-5389,-1,1
TIMOB-19912,USERGRID-384,-1,1
TIMOB-19897,USERGRID-444,-1,1
TIMOB-19898,XD-1430,1,-1
TIMOB-19903,XD-3277,1,1
TIMOB-19905,DM-2214,1,-1
TIMOB-19908,STUDIO-3041,1,-1
TIMOB-19950,XD-3451,1,1
TIMOB-19921,XD-2354,1,1
TIMOB-19925,TDQ-8982,-1,-1
TIMOB-19926,TISTUD-6447,1,1
TIMOB-19927,XD-222,1,1
TIMOB-19929,BAM-8073,-1,1
TIMOB-19930,MULE-7502,-1,-1
TIMOB-19931,TISTUD-6851,1,1
TIMOB-19932,TISTUD-4464,1,1
TIMOB-19935,XD-169,1,1
TIMOB-19936,DM-944,1,1
TIMOB-19937,XD-580,1,1
TIMOB-19943,DM-1727,1,-1
TIMOB-19945,TDQ-10479,1,1
TIMOB-19946,XD-126,1,1
TIMOB-19947,DM-1377,-1,-1
TIMOB-19948,XD-3668,1,1
TIMOB-19952,MDL-40058,-1,-1
TIMOB-19953,MDL-42433,1,1
TIMOB-19954,DM-1589,-1,1
TIMOB-19955,DURACLOUD-341,-1,1
TIMOB-19956,DURACLOUD-767,1,1
TIMOB-19957,DM-2792,1,1
TIMOB-19958,MESOS-5213,1,1
TIMOB-19959,XD-169,1,1
TIMOB-19960,TISTUD-7053,-1,1
TIMOB-19961,TISTUD-7754,1,1
TIMOB-19962,DM-1167,1,1
TIMOB-19963,DM-5132,-1,1
TIMOB-19964,CLOV-1606,1,1
TIMOB-19967,DM-599,-1,-1
TIMOB-19968,DM-6660,-1,1
TIMOB-19969,XD-2192,1,1
TIMOB-19974,DM-5155,1,-1
TIMOB-19988,TESB-8357,1,1
TIMOB-19989,DURACLOUD-587,-1,1
TIMOB-19994,TISTUD-3776,1,1
TIMOB-19997,DM-1754,-1,1
TIMOB-20000,DM-2370,1,-1
TIMOB-20001,DM-2909,-1,1
TIMOB-20002,TESB-8074,-1,1
TIMOB-20003,MDL-32450,-1,-1
TIMOB-20004,CLOV-1569,1,1
TIMOB-20005,XD-2740,-1,-1
TIMOB-20008,MDL-12403,-1,-1
TIMOB-20010,XD-3166,1,-1
TIMOB-20018,BAM-10062,1,1
TIMOB-20013,TISTUD-3401,1,-1
TIMOB-20014,XD-1463,1,1
TIMOB-20015,APSTUD-2817,-1,1
TIMOB-20027,XD-100,-1,1
TIMOB-20028,TESB-7361,1,1
TIMOB-20066,TDQ-5133,1,-1
TIMOB-20113,XD-3585,-1,1
TIMOB-20048,TISTUD-7851,-1,-1
TIMOB-20049,TESB-14046,1,1
TIMOB-20050,TESB-3746,1,1
TIMOB-20051,DM-1702,1,1
TIMOB-20054,DM-6761,1,1
TIMOB-20055,DURACLOUD-508,1,1
TIMOB-20059,DM-1854,-1,-1
TIMOB-20062,BAM-7404,1,1
TIMOB-20064,TISTUD-2083,1,1
TIMOB-20072,STUDIO-4442,-1,-1
TIMOB-20126,XD-2245,-1,1
TIMOB-20076,TISTUD-6240,-1,-1
TIMOB-20157,DM-980,1,-1
TIMOB-20079,XD-3535,-1,1
TIMOB-20078,TESB-10446,-1,1
TIMOB-20111,TDQ-12336,1,1
TIMOB-20080,STUDIO-3859,1,1
TIMOB-20083,USERGRID-705,1,1
TIMOB-20084,XD-3330,1,1
TIMOB-20089,TISTUD-6915,1,-1
TIMOB-20085,TISTUD-4084,1,1
TIMOB-20086,XD-2527,1,1
TIMOB-20087,XD-2614,1,1
TIMOB-20090,TISTUD-4073,-1,-1
TIMOB-20095,DURACLOUD-196,1,1
TIMOB-20096,MULE-8233,1,1
TIMOB-20097,DM-1898,1,1
TIMOB-20098,BAM-6260,1,1
TIMOB-20138,DM-4093,1,1
TIMOB-20100,TISTUD-4397,1,-1
TIMOB-20110,XD-1050,-1,-1
TIMOB-20118,DM-4909,1,1
TIMOB-20143,DM-3504,1,-1
TIMOB-23281,XD-2373,-1,1
TIMOB-20136,TDQ-4860,1,1
TIMOB-20130,MESOS-2489,-1,1
TIMOB-20131,JSW-6666,1,1
TIMOB-20139,TESB-4061,1,1
TIMOB-20145,XD-1018,-1,1
TIMOB-20146,DM-3874,-1,-1
TIMOB-20152,TISTUD-1726,1,-1
TIMOB-20376,TESB-762,1,1
TIMOB-20155,JSW-3003,1,1
TIMOB-20158,STUDIO-4375,1,-1
TIMOB-20159,XD-2995,-1,1
TIMOB-20161,DM-4994,1,1
TIMOB-20163,XD-2036,1,1
TIMOB-20164,DM-5787,-1,1
TIMOB-20166,DM-1018,1,1
TIMOB-20167,DM-870,1,1
TIMOB-20192,TISTUD-1982,1,-1
TIMOB-20171,DM-5390,-1,1
TIMOB-20172,TDQ-9650,1,1
TIMOB-20173,TDQ-4931,-1,-1
TIMOB-20174,TISTUD-6187,-1,-1
TIMOB-20176,TISTUD-2936,1,1
TIMOB-20178,TISTUD-3436,-1,-1
TIMOB-20183,DURACLOUD-249,-1,1
TIMOB-20180,DM-2986,-1,-1
TIMOB-20210,DM-3609,1,-1
TIMOB-20185,TISTUD-623,-1,-1
TIMOB-20187,MDL-41271,-1,-1
TIMOB-20443,MESOS-1445,1,-1
TIMOB-20188,TESB-10129,-1,-1
TIMOB-20190,XD-369,-1,1
TIMOB-20191,DM-5374,-1,1
TIMOB-20189,MESOS-4187,1,1
TIMOB-23583,STUDIO-5999,1,-1
TIMOB-20193,DM-1695,1,-1
TIMOB-20195,TISTUD-5470,1,1
TIMOB-20211,STUDIO-6220,1,-1
TIMOB-20197,XD-546,1,1
TIMOB-20206,TISTUD-1152,1,-1
TIMOB-20198,BAM-6503,1,1
TIMOB-20199,MESOS-2637,1,1
TIMOB-20201,DM-3630,-1,1
TIMOB-20202,APSTUD-4853,1,-1
TIMOB-20204,TISTUD-5571,1,-1
TIMOB-20205,TISTUD-3072,1,1
TIMOB-20212,XD-3160,1,1
TIMOB-20219,XD-692,1,1
TIMOB-20213,MDL-43869,-1,-1
TIMOB-20217,TDQ-4982,1,1
TIMOB-20245,DM-788,1,1
TIMOB-20222,XD-1794,1,1
TIMOB-20220,MESOS-4441,-1,-1
TIMOB-20221,TDQ-9967,-1,1
TIMOB-20224,MESOS-5383,-1,1
TIMOB-20226,MDL-46696,1,-1
TIMOB-20236,TISTUD-323,-1,1
TIMOB-20228,TDQ-4960,-1,-1
TIMOB-20229,DM-2044,-1,-1
TIMOB-20231,XD-606,1,1
TIMOB-20232,DURACLOUD-200,-1,-1
TIMOB-20233,XD-402,1,-1
TIMOB-20234,XD-2027,1,1
TIMOB-20235,DM-1663,1,1
TIMOB-20238,TISTUD-6316,1,-1
TIMOB-20240,MULE-8206,-1,-1
TIMOB-20241,XD-313,-1,-1
TIMOB-20243,XD-994,-1,-1
TIMOB-20246,MESOS-5054,1,1
TIMOB-20250,TESB-11012,1,1
TIMOB-20251,CLOV-1568,1,1
TIMOB-20252,MESOS-2466,-1,1
TIMOB-20256,USERGRID-840,-1,1
TIMOB-20257,XD-1356,1,1
TIMOB-20258,TISTUD-760,1,-1
TIMOB-20263,TISTUD-4670,-1,1
TIMOB-20283,CLOV-1140,1,-1
TIMOB-20274,TISTUD-6968,1,-1
TIMOB-20275,MESOS-4301,1,1
TIMOB-20284,TISTUD-2035,1,1
TIMOB-20279,USERGRID-727,1,-1
TIMOB-20277,TISTUD-5648,-1,-1
TIMOB-20280,MESOS-3540,-1,-1
TIMOB-20281,XD-2037,1,1
TIMOB-20282,DM-3114,1,1
TIMOB-20425,STUDIO-5789,1,-1
TIMOB-20288,XD-164,-1,1
TIMOB-20289,DM-5917,-1,-1
TIMOB-20293,DM-6286,-1,-1
TIMOB-20295,XD-1095,1,1
TIMOB-20294,TISTUD-3989,1,-1
TIMOB-20297,DM-6050,-1,1
TIMOB-20299,DURACLOUD-221,1,1
TIMOB-20300,BAM-10940,1,1
TIMOB-20302,DM-2129,-1,-1
TIMOB-20314,XD-2339,-1,1
TIMOB-20316,XD-2888,1,1
TIMOB-20319,TISTUD-6151,1,1
TIMOB-20320,MESOS-2055,1,1
TIMOB-20357,USERGRID-616,1,-1
TIMOB-20322,DM-3464,1,1
TIMOB-20323,TISTUD-1301,1,1
TIMOB-20324,TESB-14406,1,1
TIMOB-20325,DM-1797,1,1
TIMOB-20329,DURACLOUD-313,1,1
TIMOB-20337,TESB-5334,-1,1
TIMOB-20347,TESB-10587,-1,1
TIMOB-20350,MESOS-4576,-1,1
TIMOB-20354,DM-1776,1,-1
TIMOB-20389,XD-2479,1,1
TIMOB-20370,DM-6962,1,1
TIMOB-20374,XD-536,-1,1
TIMOB-20375,XD-1885,-1,-1
TIMOB-20398,DM-1808,1,1
TIMOB-20380,XD-3327,1,1
TIMOB-20382,XD-3501,-1,1
TIMOB-20385,MESOS-5558,1,1
TIMOB-20386,MESOS-1444,1,1
TIMOB-20393,DM-2580,1,-1
TIMOB-20396,STUDIO-3316,1,-1
TIMOB-20400,DM-6401,-1,-1
TIMOB-20405,XD-897,1,-1
TIMOB-20415,TESB-6084,1,1
TIMOB-20409,MULE-7373,-1,1
TIMOB-20413,DURACLOUD-332,-1,1
TIMOB-20417,USERGRID-788,-1,1
TIMOB-20418,TISTUD-2966,1,-1
TIMOB-20423,DM-319,1,1
TIMOB-20424,CLOV-1804,1,1
TIMOB-20493,XD-2945,-1,1
TIMOB-20438,DM-1697,-1,-1
TIMOB-20434,DM-2613,1,1
TIMOB-20598,STUDIO-3344,-1,-1
TIMOB-20441,DM-6681,1,-1
TIMOB-20442,MULE-6661,1,1
TIMOB-20451,XD-2051,-1,-1
TIMOB-20483,USERGRID-677,1,1
TIMOB-20453,TESB-2155,1,1
TIMOB-20457,XD-2441,-1,-1
TIMOB-20467,DM-3782,-1,1
TIMOB-20470,CLOV-1424,1,1
TIMOB-20460,USERGRID-1091,1,1
TIMOB-20461,TDQ-8741,-1,-1
TIMOB-20465,XD-1290,1,-1
TIMOB-20469,XD-1935,-1,1
TIMOB-20511,DM-5688,1,-1
TIMOB-20478,XD-2412,-1,1
TIMOB-20480,XD-508,-1,1
TIMOB-20481,XD-3738,-1,1
TIMOB-20484,MESOS-5302,1,1
TIMOB-20569,DM-2920,1,1
TIMOB-20537,APSTUD-4392,1,-1
TIMOB-20490,DM-6821,1,1
TIMOB-20494,XD-3670,1,-1
TIMOB-20495,APSTUD-4318,1,-1
TIMOB-20496,STUDIO-2775,-1,-1
TIMOB-20498,MESOS-3348,-1,-1
TIMOB-20502,MDL-39812,1,-1
TIMOB-20505,DM-5952,1,1
TIMOB-20580,DURACLOUD-129,1,1
TIMOB-20513,DM-5043,1,-1
TIMOB-20519,MESOS-1782,1,1
TIMOB-20523,MULE-8527,1,1
TIMOB-20526,XD-1527,1,-1
TIMOB-20533,DM-4414,1,1
TIMOB-20534,DM-2675,1,-1
TIMOB-20577,TDQ-5926,1,-1
TIMOB-20548,STUDIO-4349,1,-1
TIMOB-20549,TISTUD-7446,1,1
TIMOB-20550,MDL-25544,-1,-1
TIMOB-20564,TISTUD-1392,1,-1
TIMOB-20583,MDL-47418,1,-1
TIMOB-20581,MULE-7242,1,1
TIMOB-20565,TISTUD-718,1,1
TIMOB-20566,TISTUD-2133,1,-1
TIMOB-20567,XD-1441,1,1
TIMOB-20575,TISTUD-2752,-1,1
TIMOB-20571,TDQ-4609,-1,-1
TIMOB-20572,DM-3663,-1,1
TIMOB-20601,XD-1059,1,1
TIMOB-20599,DM-3929,-1,1
TIMOB-20578,MESOS-3570,1,1
TIMOB-20585,DM-3857,1,-1
TIMOB-20588,DURACLOUD-608,-1,1
TIMOB-20589,TISTUD-3398,-1,-1
TIMOB-20600,MULE-7691,1,1
TIMOB-20605,DM-5984,1,1
TIMOB-20609,MDL-38780,-1,-1
TIMOB-20602,TESB-6095,1,1
TIMOB-20607,TESB-7925,-1,-1
TIMOB-20620,USERGRID-316,1,1
TIMOB-20611,DM-946,-1,1
TIMOB-20612,BAM-8785,1,1
TIMOB-20619,DM-5160,1,1
TIMOB-20621,TDQ-903,-1,1
TIMOB-23125,DM-586,1,1
TIMOB-20623,DM-3140,1,1
TIMOB-20627,STUDIO-4718,1,-1
TIMOB-20624,USERGRID-950,1,1
TIMOB-23114,DM-5551,1,1
TIMOB-23115,BAM-4424,-1,1
TIMOB-23117,XD-2307,-1,1
TIMOB-23297,TISTUD-5598,1,1
TIMOB-23122,BAM-4341,1,1
TIMOB-23124,APSTUD-3997,1,-1
TIMOB-23222,JSW-7842,1,1
TIMOB-23127,TISTUD-1414,1,-1
TIMOB-23128,TISTUD-929,-1,-1
TIMOB-23183,CLOV-1354,1,1
TIMOB-23130,DM-1601,1,1
TIMOB-23160,MDL-46109,1,-1
TIMOB-23134,DM-1826,-1,-1
TIMOB-23132,DM-1426,1,1
TIMOB-23136,DM-3242,1,-1
TIMOB-23138,DURACLOUD-729,1,1
TIMOB-23140,MDL-41278,1,-1
TIMOB-23141,DM-7103,1,-1
TIMOB-23150,MDL-43853,-1,-1
TIMOB-23143,STUDIO-3369,1,1
TIMOB-23144,MESOS-4438,1,1
TIMOB-23145,TDQ-10382,-1,-1
TIMOB-23146,DM-847,1,1
TIMOB-23148,DM-1552,-1,-1
TIMOB-23154,XD-3012,1,1
TIMOB-23156,TDQ-4995,1,1
TIMOB-23157,DURACLOUD-844,1,1
TIMOB-23158,DM-2885,1,1
TIMOB-23265,DM-4958,1,-1
TIMOB-23159,DM-6733,-1,1
TIMOB-23165,DM-4950,-1,-1
TIMOB-23164,DM-5324,-1,-1
TIMOB-23167,TISTUD-6336,1,1
TIMOB-23166,DURACLOUD-104,-1,1
TIMOB-23169,XD-3515,-1,-1
TIMOB-23170,TDQ-8082,1,1
TIMOB-23171,DURACLOUD-567,1,1
TIMOB-23172,TESB-10441,-1,1
TIMOB-23276,DM-1185,1,1
TIMOB-23225,DM-3878,-1,-1
TIMOB-23174,TESB-8061,1,1
TIMOB-23175,MESOS-5227,-1,-1
TIMOB-23179,MESOS-3225,1,1
TIMOB-23181,MULE-8185,1,1
TIMOB-23185,TESB-3663,-1,1
TIMOB-23186,XD-2378,1,1
TIMOB-23187,DM-3511,1,1
TIMOB-23191,XD-2061,-1,1
TIMOB-23190,TISTUD-7730,1,-1
TIMOB-23192,DM-4603,1,1
TIMOB-23193,MULE-7761,-1,-1
TIMOB-23220,XD-1628,1,-1
TIMOB-23291,DURACLOUD-586,1,1
TIMOB-23198,TISTUD-6920,1,-1
TIMOB-23195,MESOS-5711,1,1
TIMOB-23205,DM-6577,1,1
TIMOB-23209,APSTUD-7470,1,1
TIMOB-23213,USERGRID-563,1,1
TIMOB-23214,XD-2122,-1,-1
TIMOB-23215,APSTUD-7213,1,1
TIMOB-23216,APSTUD-4507,-1,-1
TIMOB-23217,DURACLOUD-725,-1,1
TIMOB-23219,DM-4122,1,1
TIMOB-23224,DM-4085,1,1
TIMOB-23252,XD-1458,-1,-1
TIMOB-23229,DM-5930,1,-1
TIMOB-23230,MESOS-5577,1,1
TIMOB-23231,XD-356,1,1
TIMOB-23235,STUDIO-3024,1,1
TIMOB-23237,APSTUD-4950,1,-1
TIMOB-23239,DM-3646,1,-1
TIMOB-23241,DM-3125,-1,-1
TIMOB-23242,MDL-31560,1,-1
TIMOB-23260,USERGRID-677,1,1
TIMOB-23296,MULE-6864,-1,1
TIMOB-23243,CLOV-1237,-1,-1
TIMOB-23244,STUDIO-3536,1,1
TIMOB-23245,CLOV-1176,1,1
TIMOB-23246,XD-410,1,1
TIMOB-23247,TESB-8734,1,1
TIMOB-23248,DM-6385,1,1
TIMOB-23251,DM-6692,-1,1
TIMOB-23253,TISTUD-5499,1,-1
TIMOB-23261,DM-5985,1,-1
TIMOB-23264,MULE-7264,1,1
TIMOB-23262,DM-2890,1,1
TIMOB-23266,DURACLOUD-574,1,1
TIMOB-23267,DM-503,-1,-1
TIMOB-23272,BAM-8241,1,1
TIMOB-23273,DM-5949,1,-1
TIMOB-23274,XD-2309,-1,-1
TIMOB-23309,TISTUD-6910,1,-1
TIMOB-23275,TESB-10683,-1,1
TIMOB-23278,DM-4798,1,1
TIMOB-23279,TDQ-10447,1,1
TIMOB-23336,TISTUD-6343,1,-1
TIMOB-23283,TISTUD-1700,1,-1
TIMOB-23285,XD-1795,1,-1
TIMOB-23307,XD-1692,-1,-1
TIMOB-23335,STUDIO-3180,-1,-1
TIMOB-23334,MESOS-3016,-1,1
TIMOB-23293,BAM-4497,-1,1
TIMOB-23294,TDQ-5999,1,1
TIMOB-23298,DM-5545,1,-1
TIMOB-23333,TDQ-5376,1,-1
TIMOB-23299,MESOS-4787,1,-1
TIMOB-23301,DM-5949,1,-1
TIMOB-23302,XD-768,1,-1
TIMOB-23303,DM-6263,1,1
TIMOB-23308,DM-6266,-1,-1
TIMOB-23305,TDQ-10803,1,1
TIMOB-23338,XD-3538,1,1
TIMOB-23310,XD-1014,1,1
TIMOB-23311,MESOS-2687,1,-1
TIMOB-23313,MESOS-5406,1,1
TIMOB-23319,JSW-7402,1,1
TIMOB-23323,DM-3439,-1,1
TIMOB-23325,DM-2913,-1,-1
TIMOB-23326,MDL-28448,-1,-1
TIMOB-23328,TESB-9530,1,1
TIMOB-23329,MESOS-3981,1,1
TIMOB-23331,XD-3506,1,1
TIMOB-23332,TISTUD-6511,-1,1
TIMOB-23339,CLOV-1859,1,1
TIMOB-23340,MDL-41504,1,-1
TIMOB-23342,DM-4590,-1,-1
TIMOB-23343,TESB-10961,1,1
TIMOB-23365,MESOS-2754,1,1
TIMOB-23346,STUDIO-4843,-1,1
TIMOB-23349,TISTUD-2089,1,1
TIMOB-23350,XD-1066,-1,-1
TIMOB-23352,XD-206,1,1
TIMOB-23363,TDQ-6122,-1,-1
TIMOB-23357,DM-765,-1,-1
TIMOB-23358,DURACLOUD-946,1,1
TIMOB-23360,DURACLOUD-594,-1,1
TIMOB-23410,TISTUD-1753,1,-1
TIMOB-23366,MDL-52979,1,1
TIMOB-23422,MULE-8277,1,1
TIMOB-23371,DM-6674,1,1
TIMOB-23372,DM-946,1,1
TIMOB-23373,DM-6077,-1,1
TIMOB-23374,DM-198,-1,-1
TIMOB-23377,TISTUD-7945,-1,1
TIMOB-23378,TDQ-11691,1,1
TIMOB-23390,XD-3042,1,-1
TIMOB-23380,TDQ-11949,1,1
TIMOB-23381,STUDIO-4718,-1,1
TIMOB-23382,MDL-52408,1,1
TIMOB-23383,MULE-8507,1,1
TIMOB-23385,MESOS-2128,-1,1
TIMOB-23387,DM-3866,1,1
TIMOB-23388,DM-7108,-1,1
TIMOB-23389,DM-1852,1,1
TIMOB-23392,DM-1306,1,1
TIMOB-23393,MESOS-4026,-1,1
TIMOB-23398,USERGRID-644,-1,1
TIMOB-23399,MESOS-1811,1,1
TIMOB-23402,APSTUD-4225,1,1
TIMOB-23404,CLOV-1758,1,-1
TIMOB-23405,DM-6563,1,1
TIMOB-23406,DM-2007,1,1
TIMOB-23408,XD-848,1,1
TIMOB-23409,DM-3601,1,-1
TIMOB-23411,TISTUD-6237,-1,1
TIMOB-23414,XD-2927,1,1
TIMOB-23435,XD-1989,1,1
TIMOB-23415,MESOS-3399,-1,-1
TIMOB-23416,TISTUD-3556,1,1
TIMOB-23418,DM-1335,-1,1
TIMOB-23423,APSTUD-4403,1,-1
TIMOB-23425,TDQ-8619,-1,-1
TIMOB-23427,XD-2492,1,1
TIMOB-23430,DM-6939,1,1
TIMOB-23438,DM-5472,1,1
TIMOB-23439,MESOS-4941,1,-1
TIMOB-23440,TESB-10372,-1,1
TIMOB-23441,MESOS-5382,1,1
TIMOB-23674,STUDIO-4615,1,-1
TIMOB-23443,DM-2227,1,-1
TIMOB-23445,XD-2140,1,1
TIMOB-23446,TDQ-4979,1,1
TIMOB-23447,DURACLOUD-708,1,1
TIMOB-23458,XD-3246,1,-1
TIMOB-23448,MDL-41082,-1,-1
TIMOB-23452,MDL-52847,1,1
TIMOB-23453,DM-3026,1,-1
TIMOB-23454,DM-1282,-1,1
TIMOB-23461,DURACLOUD-712,-1,1
TIMOB-23468,TISTUD-1184,1,1
TIMOB-23475,TESB-15460,1,1
TIMOB-23476,MESOS-2941,1,1
TIMOB-23477,DM-782,1,1
TIMOB-23480,DM-4092,1,1
TIMOB-23521,DM-5494,-1,1
TIMOB-23479,DM-4720,1,1
TIMOB-23481,APSTUD-4641,-1,-1
TIMOB-23484,TDQ-5952,1,-1
TIMOB-23486,MDL-44215,1,-1
TIMOB-23489,DM-6806,1,-1
TIMOB-23530,TISTUD-1856,1,-1
TIMOB-23492,USERGRID-402,1,1
TIMOB-23496,TESB-478,-1,1
TIMOB-23498,XD-2800,-1,1
TIMOB-23503,XD-3401,-1,1
TIMOB-23569,DM-6250,1,-1
TIMOB-23507,MESOS-3975,1,-1
TIMOB-23509,TISTUD-5499,1,-1
TIMOB-23510,MESOS-4545,1,1
TIMOB-23512,MESOS-2367,-1,1
TIMOB-23513,APSTUD-3053,1,-1
TIMOB-23514,TDQ-5258,-1,-1
TIMOB-23516,DM-2609,1,-1
TIMOB-23517,XD-3252,1,-1
TIMOB-23518,XD-3035,1,1
TIMOB-23519,XD-141,1,1
TIMOB-23523,DM-4556,1,1
TIMOB-23524,APSTUD-3380,1,1
TIMOB-23525,DM-3678,-1,1
TIMOB-23526,DURACLOUD-320,-1,1
TIMOB-23527,TDQ-11558,1,1
TIMOB-23531,MULE-8103,1,1
TIMOB-23615,TDQ-5453,-1,1
TIMOB-23548,STUDIO-3146,1,1
TIMOB-23538,MESOS-5181,-1,1
TIMOB-23542,MULE-8549,1,1
TIMOB-23543,TESB-158,-1,1
TIMOB-23546,XD-2955,1,1
TIMOB-23549,USERGRID-545,-1,1
TIMOB-23550,CLOV-1808,1,1
TIMOB-23553,XD-480,-1,1
TIMOB-23554,DM-1159,-1,-1
TIMOB-23555,MDL-42029,1,-1
TIMOB-23557,DM-6869,1,-1
TIMOB-23610,MULE-7640,-1,-1
TIMOB-23559,TISTUD-2109,-1,-1
TIMOB-23560,MDL-39153,1,1
TIMOB-23563,APSTUD-2809,1,1
TIMOB-23565,DM-3815,-1,-1
TIMOB-23566,DM-1001,1,1
TIMOB-23567,MESOS-3433,-1,-1
TIMOB-23568,BAM-6934,1,1
TIMOB-23572,DM-6099,1,-1
TIMOB-23573,DM-3606,1,-1
TIMOB-23575,TDQ-11681,1,1
TIMOB-23641,DM-1429,-1,-1
TIMOB-23578,CLOV-1538,-1,1
TIMOB-23580,MULE-8533,-1,-1
TIMOB-23584,TISTUD-4321,-1,-1
TIMOB-23586,TISTUD-809,1,1
TIMOB-23587,XD-2589,1,1
TIMOB-23588,TESB-11757,1,1
TIMOB-23589,APSTUD-3456,1,1
TIMOB-23590,DM-2006,-1,1
TIMOB-23591,DM-2872,1,1
TIMOB-23592,STUDIO-1759,1,-1
TIMOB-23593,CLOV-1167,1,1
TIMOB-23594,MESOS-2655,-1,-1
TIMOB-23595,TDQ-7702,1,1
TIMOB-23596,APSTUD-3998,-1,-1
TIMOB-23597,TDQ-4913,1,-1
TIMOB-23598,DM-2549,1,1
TIMOB-23599,DM-3966,1,-1
TIMOB-23600,DM-4827,1,1
TIMOB-23601,TISTUD-2750,1,-1
TIMOB-23602,XD-2956,1,1
TIMOB-23603,DM-3494,1,1
TIMOB-23604,DM-4718,1,-1
TIMOB-23605,TISTUD-2363,1,-1
TIMOB-23606,XD-1785,-1,1
TIMOB-23607,STUDIO-4197,1,1
TIMOB-23609,MESOS-2127,-1,1
TIMOB-23612,APSTUD-7231,-1,-1
TIMOB-23614,DM-5881,1,-1
TIMOB-23620,DM-25,1,1
TIMOB-23621,DM-5206,1,1
TIMOB-23622,USERGRID-563,-1,1
TIMOB-23623,DM-5484,-1,1
TIMOB-23624,TESB-3685,-1,1
TIMOB-23625,XD-3095,1,1
TIMOB-23627,MESOS-4209,-1,1
TIMOB-23636,TESB-16451,1,1
TIMOB-23649,XD-416,1,1
TIMOB-23637,DURACLOUD-482,1,1
TIMOB-23638,DM-1141,1,-1
TIMOB-23639,TISTUD-1710,1,1
TIMOB-23652,XD-1536,1,1
TIMOB-23653,XD-380,-1,1
TIMOB-23655,TDQ-10882,1,1
TIMOB-23656,XD-1628,1,-1
TIMOB-23657,DM-3496,1,1
TIMOB-23658,MESOS-5445,1,1
TIMOB-23660,MESOS-2903,1,1
TIMOB-23662,DM-6278,-1,1
TIMOB-23665,XD-382,-1,1
TIMOB-23666,TDQ-6485,-1,-1
TIMOB-23667,STUDIO-6096,-1,-1
TIMOB-23669,XD-3138,-1,-1
TIMOB-23670,DM-6645,1,1
TIMOB-23675,DM-2574,1,-1
TIMOB-23678,TDQ-6478,1,1
TIMOB-23680,DM-2340,1,1
TIMOB-23682,XD-2020,1,1
TIMOB-23683,TESB-1050,1,1
TIMOB-23684,MULE-8798,-1,1
TIMOB-23686,DM-2763,-1,-1
TIMOB-23687,XD-490,1,1
TIMOB-23691,DM-4567,-1,-1
TIMOB-23693,DM-1495,1,1
TIMOB-23694,STUDIO-5320,-1,-1
TIMOB-23697,TDQ-5247,1,1
TIMOB-23696,XD-462,1,1
TIMOB-23698,TDQ-10270,-1,1
TIMOB-23699,DURACLOUD-732,-1,-1
TIMOB-23701,MDL-43661,1,-1
TIMOB-23702,MULE-7031,1,1
TIMOB-23708,DM-6272,1,-1
TIMOB-23709,TISTUD-1872,1,-1
